filter_name,rank,auc_roc_mean,auc_roc_std,sensitivity_mean,sensitivity_std,specificity_mean,specificity_std,accuracy_mean,accuracy_std,f1_score_mean,f1_score_std,precision_mean,precision_std,dice_mean_mean,dice_mean_std,iou_mean_mean,iou_mean_std,pointing_game_accuracy_mean,pointing_game_accuracy_std,auc_ci95,depth,C1_iluminacao,C2_espectral,C3_contraste_local,C4_refinamento,delta_auc_vs_baseline,p_welch,p_pareado_seed,cohen_d,p_welch_holm,p_welch_fdr,p_pareado_seed_holm,p_pareado_seed_fdr
LABNorm,1,0.9169100264219162,0.007638336917046807,0.8274509803921569,0.03494602877591326,0.85,0.02674896761084551,0.8312839059674502,0.02561677833482742,0.8902425953012116,0.019431209685525523,0.9643719766229928,0.005445228357377462,0.06502607613857542,0.0063488741181218274,0.03631564412381953,0.0037830483028046926,0.0775768535262206,0.011291335143170001,0.00473429026994884,1,LABNorm,nenhum,nenhum,nenhum,0.004660918741018816,0.23398077348985555,0.0638121411797316,0.5513914747953469,1.0,0.23686433936032913,1.0,0.06587429295932794
Gamma0.8,2,0.9133222083159506,0.008177606883661093,0.8206971677559913,0.04189519761798819,0.8627659574468085,0.04716445366856953,0.8278481012658228,0.027593564701816394,0.8872855137202471,0.021689622494153918,0.9673887250480485,0.009886105761125344,0.06483179702240163,0.006139563365607284,0.03614559426381407,0.00360846650896158,0.08028933092224229,0.009029527817274997,0.0050685332581207635,1,Gamma0.8,nenhum,nenhum,nenhum,0.0010731006350531702,0.7859183153927519,0.5243325581482631,0.12332213864061135,1.0,0.7859183153927519,1.0,0.5270825540826071
baseline,3,0.9122491076808974,0.009195794263821108,0.8169934640522876,0.05095949104676497,0.8542553191489362,0.06018974741497573,0.8233273056057866,0.03343134418998113,0.8839685220534838,0.026258500058968803,0.9654871386386249,0.011963118946472343,0.06451865576614356,0.006199487137910366,0.03595415762551391,0.0037171067750444843,0.08010849909584085,0.009417540654560295,0.005699612334525258,0,nenhum,nenhum,nenhum,nenhum,0.0,,,0.0,,,,
MaxGreen2.0_Gaussian,4,0.9106151207527929,0.007214322492653592,0.8993464052287582,0.01825101913429168,0.6734042553191489,0.07834391954640044,0.8609403254972875,0.00911961512756577,0.9147542129469682,0.006014508994718956,0.9311807695022513,0.01446510934676955,0.07333860298145535,0.004756182051700488,0.04092259666200998,0.002921945003799079,0.0799276672694394,0.007896093016907907,0.004471483406946667,2,nenhum,MaxGreen2.0,nenhum,Gaussian,-0.0016339869281044583,0.6639867474643475,0.7383343520156553,-0.1977077940970588,1.0,0.6651435188013933,1.0,0.7383343520156553
LABNorm_Median,5,0.9101284012422935,0.006786040016250122,0.8801742919389979,0.0365135950326116,0.7212765957446808,0.06798899836145739,0.8531645569620252,0.021050495443268803,0.9083487311031211,0.015625434282394563,0.9396034471487298,0.011773567225555651,0.06714002905029952,0.00515095073709957,0.03745804116245138,0.003043964032170543,0.08065099457504517,0.011055581934283652,0.004206031177901699,2,LABNorm,nenhum,nenhum,Median,-0.0021207064386038477,0.5652549450377846,0.11307997713693894,-0.2624233034584255,1.0,0.5672279116871312,1.0,0.11508139266148655
Gamma0.8_MaxGreen2.0_Gaussian,6,0.9094748064710518,0.009258631866800811,0.8971677559912854,0.008762877634857417,0.672340425531915,0.03746131247161494,0.8589511754068717,0.006087706412514811,0.9134786802009499,0.0038931960498834665,0.9304929998333602,0.007061012074288529,0.07999267721520112,0.004180561322309557,0.04494896399971223,0.0024151849051313717,0.0940325497287522,0.005967145832797844,0.005738559484357023,3,Gamma0.8,MaxGreen2.0,nenhum,Gaussian,-0.0027743012098455644,0.5099293885925855,0.5508228974404991,-0.30066338639259377,1.0,0.5126038434278612,1.0,0.5517825192130436
HistogramEq_GreenChannel_Gaussian,7,0.9087400917813934,0.010341107082263292,0.8821350762527234,0.017563330363811035,0.7319148936170212,0.06981404086425372,0.8566003616636527,0.013613859861341587,0.9107672788715948,0.008918511239258645,0.9416972516450661,0.01389365030801165,0.06402720711060554,0.0058683806477318684,0.03559911788187163,0.0033803979208295136,0.07070524412296561,0.009039581854257952,0.006409484573899443,3,HistogramEq,GreenChannel,nenhum,Gaussian,-0.003509015899504031,0.4332329493101309,0.5387976889831227,-0.35860361711609184,1.0,0.4362678561354208,1.0,0.5406783091889976
Gamma0.8_Median,8,0.9077666527603949,0.006977944773620949,0.8688453159041394,0.03795549081173593,0.7457446808510639,0.07153107248791302,0.8479204339963834,0.02009051628465084,0.9042494894461148,0.015336374635066274,0.9440995271358726,0.012888652529904942,0.06902684940987559,0.006698360916028865,0.03854803606179097,0.003913806603132247,0.08191681735985532,0.009261932413384456,0.0043249749788160045,2,Gamma0.8,nenhum,nenhum,Median,-0.004482454920502477,0.23641456567682645,0.19068333602701684,-0.5491490521553685,1.0,0.23890751364529916,1.0,0.1926940566178114
LABNorm_MaxGreen2.0_Gaussian,9,0.9074166782552264,0.00846925057792233,0.9047930283224401,0.012664098209908915,0.648936170212766,0.05377925846845069,0.8613019891500905,0.008178629002090758,0.9154452724250763,0.005228132751548591,0.9265588652247562,0.009874087937032261,0.07442039480540333,0.004863307680184434,0.04152660454925085,0.0029392633234260083,0.08191681735985532,0.009758591182554595,0.005249295892582656,3,LABNorm,MaxGreen2.0,nenhum,Gaussian,-0.00483242942567097,0.23744202472379067,0.2562648259868963,-0.5466555463700794,1.0,0.2395248495020695,1.0,0.25806002616894114
Median,10,0.9070643860381032,0.007757315704042694,0.877124183006536,0.03275550001293981,0.723404255319149,0.055164358815971815,0.8509945750452079,0.019217015576622497,0.9068937530492382,0.014075648285912108,0.9397009476416679,0.009588139174265129,0.06854094699452717,0.006476504729655413,0.0382895521286722,0.003819341012945202,0.07920433996383361,0.010363485135786617,0.00480803408613844,1,nenhum,nenhum,nenhum,Median,-0.0051847216427941545,0.19022203981411792,0.0959042236286211,-0.6094643266051745,1.0,0.1935888015807395,1.0,0.09812264873035077
LABNorm_Morpho,11,0.9070273026468272,0.008679082219484118,0.8838779956427014,0.04277963303832553,0.7170212765957447,0.06675714397588703,0.8555153707052441,0.02622511791613696,0.9098865431060064,0.0192012548353694,0.939006684419291,0.011551036016151067,0.06314321578623895,0.005207611607277882,0.03523451769199455,0.0031159858773898326,0.07739602169981914,0.013819148770012864,0.005379350891434087,2,LABNorm,nenhum,nenhum,Morpho,-0.005221805034070215,0.20808314818357748,0.07257555436455691,-0.5840179843130766,1.0,0.21101906561826642,1.0,0.07478663756204341
Morpho,12,0.9069763129838224,0.006645609454979931,0.8747276688453158,0.04612760643766208,0.7265957446808511,0.07639354714615067,0.8495479204339963,0.02661499396697824,0.9055621277078842,0.020049264661977612,0.9405979244285023,0.013606122484663466,0.06396182778070916,0.0067877441790216665,0.03575255674914153,0.004036466332703534,0.07215189873417717,0.01386246291995777,0.004118991414266611,1,nenhum,nenhum,nenhum,Morpho,-0.005272794697074978,0.16060189933244784,0.058311031472879804,-0.6572361535224217,1.0,0.16402503040170072,1.0,0.06030367463472282
Gamma0.8_CLAHE4.0,13,0.9067445417883466,0.008260758069675533,0.8233115468409586,0.02979169512567437,0.8425531914893616,0.06908980923663859,0.8265822784810126,0.015843867810564197,0.887168956127222,0.012503809416861193,0.9629211626486045,0.014831217489283765,0.06365808701966046,0.005883930307892662,0.03558501731391957,0.003504680470039691,0.07160940325497284,0.008404303825404899,0.005120070897158957,2,Gamma0.8,nenhum,CLAHE4.0,nenhum,-0.005504565892550772,0.17630786783656835,0.15807575777787952,-0.6297562392499246,1.0,0.1797464964645865,1.0,0.16002387451105762
Gamma0.8_MaxGreen2.0,14,0.9065243591526446,0.006858717164339445,0.8420479302832244,0.023130876265262168,0.8021276595744681,0.03139850159032433,0.8352622061482821,0.016930297593028595,0.8944273599180758,0.012208022482233532,0.9541862053001061,0.006352577750649999,0.07727340921315609,0.00593570639598298,0.04347886360066464,0.003525695666992125,0.0920433996383363,0.01409637925479942,0.004251076940975992,2,Gamma0.8,MaxGreen2.0,nenhum,nenhum,-0.005724748528252777,0.1333662675257064,0.10187392859585065,-0.705725519801753,1.0,0.1366944809755458,1.0,0.10386083145853568
MaxGreen2.0,15,0.9064919111852779,0.005872240864039093,0.8392156862745098,0.02663937607694496,0.8138297872340425,0.04050943141416974,0.8349005424954792,0.01810426739428457,0.8938546347107288,0.013212105932504303,0.9567480133740812,0.00827232045491557,0.07519776545637205,0.004560124100492567,0.04225820543514832,0.0026479791538262434,0.09204339963833631,0.013024634681755945,0.0036396525954978222,1,nenhum,MaxGreen2.0,nenhum,nenhum,-0.005757196495619454,0.11553394305612985,0.07969603643430492,-0.746223513178874,1.0,0.1188408179915468,1.0,0.08183075169593808
Unsharp1.5,16,0.9061280304083809,0.008613319478631766,0.8790849673202615,0.04059348374919388,0.7414893617021276,0.08887206847543754,0.8556962025316455,0.021392913736984327,0.9096245275953825,0.01584839928997058,0.9440119442590109,0.015846617804048096,0.06004391960677028,0.006671678209483544,0.03353163739848449,0.003916135051622351,0.06473779385171788,0.012288288058658964,0.005338590722365395,1,nenhum,nenhum,nenhum,Unsharp1.5,-0.00612107727251654,0.14193649071367842,0.142002079987171,-0.6870421593617091,1.0,0.1452197191465571,1.0,0.14426006359120727
LABNorm_Unsharp1.5,17,0.9061141241366524,0.007002591636996127,0.8671023965141613,0.043500302489097815,0.7510638297872341,0.07077999971560081,0.847377938517179,0.024606125936957626,0.9036357755287983,0.01866194463923636,0.9451766831045513,0.012773048303943452,0.06096112883129938,0.0054397134483571965,0.03400680032470355,0.0031877336033949693,0.0687160940325497,0.011468533809789306,0.004340251263003136,2,LABNorm,nenhum,nenhum,Unsharp1.5,-0.006134983544245021,0.11174651861371415,0.10107990329442908,-0.7506317384231748,1.0,0.11515098244244737,1.0,0.10323435949253414
LABNorm_Gaussian,18,0.9054558939415009,0.013030662239997068,0.8991285403050109,0.014778102517747268,0.6957446808510638,0.08104989859382498,0.8645569620253164,0.013108055483398181,0.9168036274416735,0.00795031991135157,0.9355264438589368,0.015327427394200118,0.07027125835958058,0.007945760970414027,0.039552001841319726,0.004857809179799975,0.07938517179023505,0.01254144006104862,0.008076488131353506,2,LABNorm,nenhum,nenhum,Gaussian,-0.006793213739396453,0.1965583330912973,0.2036359914305009,-0.6023725793392114,1.0,0.19968381895317305,1.0,0.20542227205708424
LABNorm_MaxGreen2.0,19,0.9051893570667037,0.005318508455054492,0.8453159041394336,0.02997787573064673,0.7851063829787235,0.06178766387127517,0.8350813743218806,0.016656608335613266,0.8945991675373653,0.012889174738156366,0.9509784820609418,0.0120846177945411,0.07582936812116056,0.007077190348051184,0.04254813256222594,0.004239342132712109,0.09132007233273053,0.013240435585586963,0.0032964456926757504,2,LABNorm,MaxGreen2.0,nenhum,nenhum,-0.007059750614193727,0.053625238869107035,0.03761180212315745,-0.9398427249014047,1.0,0.055358190933099724,1.0,0.03946493835915243
Gaussian,20,0.9048602419691282,0.010777321545662022,0.8941176470588236,0.022222696868403273,0.675531914893617,0.09610517895650819,0.8569620253164556,0.009277610685145193,0.9120412234944901,0.006409479839136386,0.9314521273175218,0.017336610048358885,0.06972824994189777,0.005528404560278505,0.03921213844315761,0.0032644587075728163,0.07703435804701625,0.009875176572042153,0.006679853099418477,1,nenhum,nenhum,nenhum,Gaussian,-0.007388865711769221,0.11686242439868419,0.14643264266690315,-0.7375724807148019,1.0,0.11999266790936322,1.0,0.1484987116992404
Gamma0.8_Morpho,21,0.9042877671163028,0.00557627132181174,0.8875816993464053,0.03624103679203122,0.7138297872340426,0.05411723958165859,0.8580470162748643,0.025305689607815925,0.9117921982629316,0.017824197439194802,0.9383306968527101,0.009863178504967821,0.06428227439621795,0.006350548007412916,0.03594236735230258,0.0037620987876256225,0.07974683544303796,0.012599248341864357,0.0034562087726885617,2,Gamma0.8,nenhum,nenhum,Morpho,-0.007961340564594632,0.03363314544441957,0.023666766356034086,-1.0469222352198277,0.8744617815549087,0.03516192478280228,0.8993371215292952,0.025294406421411893
Gamma0.8_Unsharp1.5,22,0.903518286747323,0.009490166815403007,0.8655773420479302,0.04108164587617654,0.7606382978723405,0.073576219578888,0.8477396021699819,0.02321731674340263,0.9037467635803826,0.0177089506353731,0.9471036957233044,0.013696141436902681,0.0596476032331032,0.007743841497994753,0.03321337090206272,0.004625092765184282,0.06654611211573233,0.011619607725156356,0.005882066332277563,2,Gamma0.8,nenhum,nenhum,Unsharp1.5,-0.008730820933574357,0.05116521626346117,0.030945256838049013,-0.9343632578683746,1.0,0.05291366789836362,1.0,0.03282937764184167
BenGraham_Gaussian,23,0.9031103694432856,0.009320175276077678,0.8869281045751635,0.019253639298723927,0.7180851063829787,0.06043993102503298,0.8582278481012657,0.011600831077728137,0.9120954970447688,0.008061716605893157,0.9391524722600113,0.011339694462384387,0.07861248899269581,0.004984292435962203,0.044220901115307285,0.0029680568406468583,0.0869801084990958,0.012218606669413703,0.005776704484621243,2,BenGraham,nenhum,nenhum,Gaussian,-0.009138738237611799,0.04052377258876365,0.08630731235088732,-0.9870973305551359,0.8744617815549087,0.041984088718088466,1.0,0.08846114902274547
LABNorm_CLAHE4.0_Gaussian,24,0.9030130255411859,0.009061211074987934,0.8947712418300654,0.016846029457076136,0.6872340425531915,0.055889044836441304,0.8594936708860759,0.012901308485885686,0.9135313356217407,0.008536061168090012,0.9333719705868175,0.01062441267276386,0.05901654577612762,0.005572531873432426,0.03291046664509718,0.003267023671444355,0.05533453887884262,0.010021266999696393,0.005616196809874911,3,LABNorm,nenhum,CLAHE4.0,Gaussian,-0.009236082139711499,0.03628523789673784,0.074702558847082,-1.0117575180057454,0.8744617815549087,0.03779712280910191,1.0,0.07684073584449401
Gamma0.8_CLAHE4.0_Gaussian,25,0.9027302646827053,0.009463853625567458,0.8825708061002178,0.01812488355889965,0.7074468085106382,0.07043270945404687,0.8528028933092224,0.008404303825404887,0.9086524925532518,0.0059971407216144815,0.9367969486628261,0.013126354762385875,0.05460473244770745,0.007423990760414679,0.03034032125688283,0.004387169861893378,0.04683544303797463,0.013273324319142363,0.005865757248250157,3,Gamma0.8,nenhum,CLAHE4.0,Gaussian,-0.009518842998192056,0.034945853514789044,0.04179265126663233,-1.020154397935438,0.8744617815549087,0.036467995954634666,1.0,0.04369231723329743
Gamma0.8_Gaussian,26,0.9025564362860983,0.009963975509468705,0.8995642701525055,0.020730902955629748,0.6606382978723404,0.0836834353876666,0.8589511754068717,0.011964697553513683,0.9136391718274931,0.007960784095318144,0.9287237495858301,0.015061240736368815,0.07083746085942276,0.008312583703809695,0.03991986253732291,0.0048599363156755695,0.07468354430379744,0.01687871347639958,0.006175736003371316,2,Gamma0.8,nenhum,nenhum,Gaussian,-0.009692671394799124,0.0364976201382402,0.038713331955468645,-1.0109610375212819,0.8744617815549087,0.03794960502619912,1.0,0.04054675022658374
Gamma0.8_Grayscale,27,0.9023710193297176,0.009245279422914704,0.8446623093681918,0.013742578305029306,0.8074468085106383,0.027215012559361585,0.8383363471971068,0.011218700541658163,0.8965766793912389,0.00783458176798372,0.9554407679869955,0.0058524906470571415,0.06785087553328228,0.006536248423259026,0.037874997744282726,0.003853568521412244,0.07359855334538876,0.0075791333617841895,0.005730283553895123,2,Gamma0.8,Grayscale,nenhum,nenhum,-0.009878088351179759,0.027680387414185582,0.04774397788454482,-1.071309941532361,0.7480906615070522,0.028991298293545922,1.0,0.049643376643061975
CLAHE4.0_Gaussian,28,0.9022945348352106,0.00751068377706406,0.8869281045751635,0.023339696182895327,0.6936170212765957,0.06592312078650926,0.8540687160940326,0.012616539175720932,0.9097080433856837,0.009138812046713277,0.934283093345786,0.012052126212913038,0.057698872434169844,0.007306894984526391,0.03214915986412836,0.004327372823420639,0.053526220614828146,0.009911901044530184,0.0046551700340765525,2,nenhum,nenhum,CLAHE4.0,Gaussian,-0.009954572845686793,0.016617920110563004,0.010701396751358144,-1.185685889187808,0.5982451239802682,0.017693461068610167,0.5671740278219817,0.011765397957994136
Grayscale,29,0.901170444537153,0.009580246470291398,0.838562091503268,0.008371987094817476,0.8042553191489361,0.03218951976712115,0.8327305605786618,0.008449575508665581,0.8927185793245089,0.005615590131135451,0.954426066956809,0.007144477934266333,0.0707132101329799,0.006471179323656088,0.03949673514447421,0.0037520844241929604,0.0811934900542495,0.010594063411971222,0.005937898280814253,1,nenhum,Grayscale,nenhum,nenhum,-0.011078663143744394,0.016715844744869743,0.033947396366869304,-1.1798378206080937,0.5982451239802682,0.017733599129704986,1.0,0.03594797957817652
Gamma0.8_AHE40.0_Gaussian,30,0.9011588559773791,0.008437795818211089,0.8965141612200436,0.014314018405538833,0.6787234042553192,0.07229173719615326,0.8594936708860759,0.009261932413384483,0.9137219044118933,0.005720455237381617,0.9319366360407052,0.013445458783746398,0.04773108440646287,0.004657607552631943,0.0262411273372943,0.0027046791675244377,0.051356238698010793,0.009726892226133467,0.005229800030530255,3,Gamma0.8,nenhum,AHE40.0,Gaussian,-0.011090251703518295,0.011641914267379897,0.03632457006954389,-1.2566946993818193,0.4307508278930562,0.012419481825126978,1.0,0.038253897051259596
AHE40.0_Gaussian,31,0.9009062253743105,0.011375437155169477,0.9061002178649238,0.017503171494254472,0.6457446808510638,0.0788239725652881,0.8618444846292947,0.010956545164558637,0.915848520567035,0.006945964860374405,0.9262270797771459,0.014272467762508602,0.05141300896740714,0.006309376688039594,0.02841197616716911,0.0036962694578891297,0.05515370705244116,0.011602396958963312,0.007050568994926588,2,nenhum,nenhum,AHE40.0,Gaussian,-0.011342882306586866,0.02513030416740125,0.03707791309970822,-1.0966521106124685,0.7439711765918353,0.026416681711619233,1.0,0.0389758684320516
BenGraham_CLAHE4.0_Gaussian,32,0.9003013025541187,0.005689480105085517,0.877124183006536,0.028594857696034197,0.7244680851063829,0.08864538978721132,0.8511754068716094,0.013825720242527541,0.9071040392120763,0.010252210510890621,0.9402274449469024,0.016976466084948384,0.07057880236521889,0.006839743693937027,0.03947851839545462,0.004102032668261553,0.08625678119349002,0.011689751543916469,0.003526376303519737,3,BenGraham,nenhum,CLAHE4.0,Gaussian,-0.011947805126778732,0.0032608528108759673,0.011870769329989806,-1.5625536007624545,0.18726429883626586,0.0036057507043340026,0.6172800051594699,0.013026130467068965
LABNorm_GreenChannel_AHE40.0_Median,33,0.9001923700922448,0.007450610240521536,0.8771241830065358,0.0253073655943349,0.6968085106382979,0.08289836686213445,0.8464737793851718,0.0099576161706,0.9044925038415847,0.007873139513167664,0.9344643492080656,0.015003591318390479,0.059230055897885006,0.004226906101295873,0.03293923147816969,0.00246888606533683,0.0707052441229656,0.013273324319142398,0.004617936070371709,4,LABNorm,GreenChannel,AHE40.0,Median,-0.012056737588652555,0.004935616758732361,0.01216529779199802,-1.4406739129996373,0.2340324864677685,0.005364800824709088,0.6172800051594699,0.013298566977944603
Gamma0.8_MaxGreen2.0_Morpho,34,0.8994646085384508,0.009817230399153736,0.8633986928104574,0.04232103640435476,0.7542553191489362,0.06372134207740024,0.8448462929475588,0.025413860095096094,0.901841250273027,0.019163809393075357,0.9455056658746489,0.011575922885855145,0.07504613840595464,0.008161564533473041,0.042121824369123116,0.004840993235155174,0.0896925858951175,0.012061481314797591,0.006084782441690073,3,Gamma0.8,MaxGreen2.0,nenhum,Morpho,-0.012784499142446615,0.007620468541166924,0.004659757710948891,-1.3440971162481674,0.34292108435251156,0.00825191979504893,0.34509724416045373,0.005337371880070941
Grayscale_AHE40.0_Median,35,0.899272238446206,0.012916258430713999,0.8738562091503269,0.028451561246282984,0.7138297872340426,0.08836122367761975,0.8466546112115733,0.013740045952073931,0.9042316544238489,0.010297182396421845,0.9378203743941956,0.016885217786636104,0.06303246521053875,0.008026928589025241,0.03533312132891061,0.004780922876105343,0.07287522603978297,0.010442070275173116,0.008005579915728039,3,nenhum,Grayscale,AHE40.0,Median,-0.012976869234691435,0.01962898314572843,0.018530259271940325,-1.1574677124863166,0.6281274606633097,0.0207475465235181,0.7782708894214936,0.01995299453439267
LABNorm_Grayscale,36,0.8990404672507302,0.006190610125586291,0.8276688453159041,0.013564898374642045,0.825531914893617,0.030173116859833565,0.8273056057866185,0.0100953190020761,0.8882967358930298,0.00729947637210656,0.9586943393333744,0.006660042003154211,0.07011346122443776,0.00698642552164166,0.039042421331394274,0.004120656643094877,0.08191681735985532,0.01187477625405161,0.0038369799081789235,2,LABNorm,Grayscale,nenhum,nenhum,-0.013208640430167229,0.0017213081719737245,0.004801297898498418,-1.6850834241471957,0.12221288021013443,0.001959626184501264,0.35049474659038454,0.005488561215977317
HistogramEq_GreenChannel,37,0.899003383859454,0.008571240170325609,0.8396514161220043,0.0368328487974878,0.8042553191489361,0.07407868469798293,0.833634719710669,0.019754032077364602,0.8930044792950342,0.015812593795356742,0.9551704894083347,0.014831970407600795,0.06968987192350413,0.004702716939427088,0.03898607370617318,0.0028451829201561595,0.08173598553345385,0.011681978585051878,0.005312509696869462,2,HistogramEq,GreenChannel,nenhum,nenhum,-0.0132457238214434,0.0037291216672204427,0.030019853110206093,-1.490124604623678,0.20082051417593044,0.004099894758416356,1.0,0.03190649822249261
LABNorm_GreenChannel,38,0.8988921336856256,0.007399478271160234,0.8145969498910676,0.03258195651162802,0.8351063829787234,0.044077315229276805,0.8180831826401447,0.020603897852732637,0.8811107458861318,0.01607088317590805,0.9605590931957069,0.009359226600430981,0.06562825581408761,0.008680900958925859,0.03663219529457615,0.005161864794316009,0.07613019891500901,0.01797132371212358,0.004586244147423104,2,LABNorm,GreenChannel,nenhum,nenhum,-0.013356973995271804,0.0022764662397093943,0.000973970441774181,-1.600384283004928,0.14341737310169184,0.002551594713124565,0.1438624679022491,0.001305438237809217
Gamma0.8_GreenChannel,39,0.898887498261716,0.005309850604863203,0.816557734204793,0.03715503722369088,0.8404255319148936,0.05330956162543589,0.820614828209765,0.023232960783142388,0.8827181688298159,0.01849352368139713,0.962034596554061,0.011327841615247676,0.06569647941647416,0.0065326160061996595,0.03674188525226932,0.003885275964497566,0.07848101265822782,0.013777017120830992,0.0032910795015317303,2,Gamma0.8,GreenChannel,nenhum,nenhum,-0.013361609419181408,0.0013021454021848872,0.0019212455212440022,-1.7795153299805624,0.10547377757697586,0.0015125931439521417,0.20749451629435223,0.002360504646827567
Gamma0.8_Grayscale_AHE40.0,40,0.8988086960552544,0.008489823849568206,0.8359477124183007,0.03780582483940391,0.7776595744680851,0.06642668440609586,0.8260397830018084,0.023279829825702716,0.8882057537759993,0.018217875332846873,0.9489251021311951,0.013305645360751062,0.05776971978940486,0.008448570665742046,0.03213109139167185,0.005000760799342884,0.07052441229656416,0.014936120184887141,0.005262047338457833,3,Gamma0.8,Grayscale,AHE40.0,nenhum,-0.013440411625643023,0.003243371674881225,0.023768749670648175,-1.5187160724286806,0.18726429883626586,0.003593330853673804,0.8993371215292952,0.025356272839745272
HistogramEq_Grayscale_Gaussian,41,0.8988063783432996,0.004398410344760968,0.8775599128540306,0.019935930209758593,0.6978723404255319,0.0426122521582973,0.847016274864376,0.010956545164558644,0.9048689712356692,0.008175158153212951,0.9343206008062637,0.007655176643066735,0.06514732504471879,0.006123493411493139,0.036281791427698815,0.0035192178606018964,0.07088607594936705,0.010775985523851271,0.002726162975604257,3,HistogramEq,Grayscale,nenhum,Gaussian,-0.013442729337597825,0.001114255114652351,0.0013256668453355217,-1.8649904403461208,0.09359742963079748,0.0013022290465957355,0.1776393572749599,0.0017245665974387444
Gamma0.8_Grayscale_AHE40.0_Morpho,42,0.8988063783432996,0.0110205758761955,0.8982570806100219,0.01793769239529433,0.6563829787234042,0.04965805309627034,0.8571428571428571,0.014391002274036549,0.9125092476614445,0.009542738082719953,0.9274705890592427,0.009429543172867145,0.05770103059826616,0.007155239426175159,0.03197977178492475,0.004104598440134021,0.06998191681735981,0.012788161740367234,0.006830623695514784,4,Gamma0.8,Grayscale,AHE40.0,Morpho,-0.013442729337597825,0.008562615369472018,0.03593017612037434,-1.3245009282745177,0.3681924608872968,0.00923734303460865,1.0,0.03790798398021145
GreenChannel,43,0.8987368469846567,0.006360752511680612,0.8050108932461875,0.035402584582530434,0.848936170212766,0.05206852437724159,0.8124773960216999,0.021616779026790035,0.8765668911973121,0.01734211369070275,0.9634996256181136,0.011237368754691722,0.06613887985722963,0.007147883026699853,0.03705272206154671,0.004170676299317509,0.0799276672694394,0.014735297495452713,0.0039424352516313115,1,nenhum,GreenChannel,nenhum,nenhum,-0.013512260696240674,0.0015017721665433444,0.005756701859741982,-1.709031752616293,0.11226311188279292,0.00172015736207654,0.4144825339014227,0.006567665812205634
LABNorm_AHE40.0_Gaussian,44,0.8986649979140593,0.011695233622306705,0.9037037037037037,0.017871417185501268,0.6425531914893617,0.08454305288048569,0.8593128390596745,0.008891664334941884,0.9142338178044171,0.0056512231919538,0.92550299003528,0.015109881597162474,0.0522962630439297,0.006590327651631223,0.02894319146368964,0.0038452152477062265,0.057866184448462886,0.012145534466310955,0.007248780898797039,3,LABNorm,nenhum,AHE40.0,Gaussian,-0.013584109766838104,0.010210025624133565,0.019737227407323293,-1.291264248815842,0.4079439609757134,0.01092825509547799,0.8069263861938757,0.021173331640318833
Gamma0.8_Grayscale_AHE40.0_Median,45,0.8984795809576787,0.00982571865375882,0.870152505446623,0.029645288982870513,0.7191489361702128,0.07060211554465143,0.844484629294756,0.013639190474966569,0.9025913361748454,0.01085800602232699,0.9385380558443683,0.01303200846041247,0.062032909812098525,0.007872535344114431,0.03476322559373094,0.0046913072446844286,0.06962025316455692,0.013672448730818281,0.006090043516400722,4,Gamma0.8,Grayscale,AHE40.0,Median,-0.013769526723218739,0.004608892684909472,0.008752320390713542,-1.4469913604591764,0.2304446342454736,0.005038238201184308,0.5140467214030096,0.009715413561120245
Gamma0.8_Grayscale_CLAHE4.0_Gaussian,46,0.8984077318870811,0.014647022912690539,0.8668845315904139,0.013447755435303656,0.7265957446808511,0.07769923531446299,0.8430379746835444,0.008078054523327783,0.9016530810734803,0.004874159513174732,0.9397172766741431,0.015143994587449328,0.060059706452320435,0.008563590722809059,0.03356924593258823,0.005203754711627337,0.06745027124773957,0.010442070275173134,0.009078318855576032,4,Gamma0.8,Grayscale,CLAHE4.0,Gaussian,-0.01384137579381628,0.022933557792200625,0.04203397816711253,-1.1318465903234018,0.7109402915582194,0.02419595546883552,1.0,0.043864859248801645
Gamma0.8_MaxGreen2.0_Median,47,0.8982918462893432,0.009102508922760537,0.8666666666666666,0.027110350257824503,0.7244680851063829,0.04239035036104567,0.84249547920434,0.017207024333877146,0.901132142862665,0.012688033671431826,0.9390850217835964,0.007683697284939561,0.0804826088201347,0.004274877086173258,0.04529764470050859,0.0024967170200541865,0.0971066907775768,0.009183139553279384,0.005641793481114081,3,Gamma0.8,MaxGreen2.0,nenhum,Median,-0.013957261391554177,0.0031141333105406486,0.002595176227726348,-1.5255053846934057,0.18373386532189825,0.0034634944943150348,0.25009355624520024,0.003108804856130521
HistogramEq_Gaussian,48,0.8981017939090531,0.010443253609686265,0.8932461873638344,0.021395671550698978,0.701063829787234,0.08707100026165464,0.8605786618444846,0.010316046707749969,0.9139956536789553,0.007089910135785679,0.9363842542001649,0.016213053301636676,0.05860215452671454,0.006635625884040229,0.03261168850335317,0.00394283996840244,0.06546112115732365,0.012493546867299938,0.006472795647519197,2,HistogramEq,nenhum,nenhum,Gaussian,-0.014147313771844305,0.004875676801411844,0.010010609656588973,-1.4378354599999454,0.2340324864677685,0.005309685910628428,0.5485222621800803,0.011027012552756052
HistogramEq_CLAHE4.0_Gaussian,49,0.8980484865340935,0.015429888900435548,0.8797385620915034,0.019909458374672673,0.721276595744681,0.08020771785884787,0.8528028933092224,0.015230005253626274,0.9083831383030653,0.009911957079185333,0.9394532246367323,0.015704821364987243,0.05898138933539365,0.008313255596210455,0.03291867358825916,0.005048196410217391,0.0594936708860759,0.011917535360398817,0.009563544221870564,3,HistogramEq,nenhum,CLAHE4.0,Gaussian,-0.014200621146803871,0.024799039219727845,0.015869136864851065,-1.1180480607714387,0.7439711765918353,0.02611620430648995,0.6982420220534469,0.01715179266407775
MaxGreen2.0_Median,50,0.8980415333982293,0.00703896620770947,0.8664488017429195,0.02458540211901272,0.7148936170212765,0.05800880864305966,0.8406871609403256,0.014402359110427792,0.900140264314223,0.010504033635345628,0.9371772532855482,0.010954393461519161,0.07857649070914333,0.004231368604061681,0.04418922340514111,0.0024850499723745837,0.0896925858951175,0.011347507294273742,0.00436279645550668,2,nenhum,MaxGreen2.0,nenhum,Median,-0.014207574282668056,0.0012210711587912013,0.0004268377525656861,-1.7350215536815907,0.1001278350208785,0.0014212872799695157,0.07597711995669212,0.0006166625822242953
Gamma0.8_Grayscale_CLAHE4.0,51,0.8979557780559032,0.0125828390149898,0.8267973856209151,0.028962289909381652,0.8191489361702129,0.06182835380908762,0.825497287522604,0.02017713707452209,0.8869797109890681,0.015086259698007455,0.9574922413591501,0.013232380603192899,0.06145505143277606,0.006252860160166862,0.03436648162694173,0.003709802053984148,0.06835443037974681,0.006646919229458836,0.007798924420845077,3,Gamma0.8,Grayscale,CLAHE4.0,nenhum,-0.014293329624994189,0.010198599024392834,0.029371399879861777,-1.297009537489645,0.4079439609757134,0.01092825509547799,1.0,0.03127510172392689
Gamma0.8_GreenChannel_Gaussian,52,0.8978677050016224,0.017714750902282757,0.8747276688453158,0.025474570394757288,0.7042553191489362,0.0961771164282884,0.8457504520795659,0.013041361531133486,0.9038689697686966,0.009075511488984021,0.9359145471131735,0.017881732440178332,0.07936388683108783,0.008180325787451323,0.04462228234966416,0.004929339931622796,0.08589511754068713,0.011476451334936561,0.010979716362612333,3,Gamma0.8,GreenChannel,nenhum,Gaussian,-0.014381402679275013,0.03950917685046134,0.052125754765880356,-1.0189906264810127,0.8744617815549087,0.04100681712818641,1.0,0.05410164077686138
Gamma0.8_Grayscale_Gaussian,53,0.8977773142353869,0.014760375267272715,0.881045751633987,0.030348548253575445,0.7063829787234043,0.07884789849467967,0.8513562386980109,0.016937807150990702,0.9075371106633152,0.012457040760146358,0.9366492362779455,0.01445132671459787,0.07676586080033888,0.004924810415846105,0.0431435107683609,0.0029494047631974407,0.08571428571428566,0.017453368121378043,0.009148575372826082,3,Gamma0.8,Grayscale,nenhum,Gaussian,-0.014471793445510528,0.018818304493042167,0.008463993762358714,-1.1768577662092592,0.6210040482703915,0.019927302179556624,0.5140467214030096,0.009431775994876473
LABNorm_CLAHE4.0,54,0.8976915588930607,0.005874929183762422,0.8440087145969499,0.024674264662985543,0.7606382978723405,0.05875192030418753,0.8298372513562388,0.013080307663365424,0.8915530614605844,0.009924446948879641,0.9454803705932819,0.011607049420219527,0.06305407754670941,0.006807835612712717,0.03520583107386848,0.00396509583246526,0.06871609403254969,0.011995026366565657,0.0036413188333250988,2,LABNorm,nenhum,CLAHE4.0,nenhum,-0.01455754878783666,0.000714932171305026,0.0005055578754241025,-1.8866378135446868,0.0675246933557596,0.000852875515560975,0.08847262819921793,0.0007249271281018925
LABNorm_GreenChannel_AHE40.0,55,0.8976822880452417,0.012924121970553643,0.8411764705882353,0.03498599856627139,0.7829787234042553,0.06970588581733682,0.8312839059674502,0.021329129042338878,0.8918778433386269,0.016126506226936253,0.9503859856535813,0.014198833483252904,0.055819918179636094,0.00701199640297107,0.03117788946674978,0.004235833291505461,0.07251356238698006,0.01024536381498397,0.00801045378821553,3,LABNorm,GreenChannel,AHE40.0,nenhum,-0.014566819635655648,0.010225045637160276,0.04340803714460681,-1.2987580536139163,0.4079439609757134,0.01092825509547799,1.0,0.04521670535896542
LABNorm_MaxGreen2.0_Median,56,0.8976382515181014,0.009331970731641517,0.8660130718954248,0.029610578123275437,0.7095744680851064,0.05379094834109576,0.8394213381555155,0.016547182579166698,0.8992958724213596,0.012688522420230268,0.9360909053707394,0.009776509502295935,0.07695902751516684,0.003651867402248264,0.04321296448427084,0.0021097833615257747,0.0896925858951175,0.010093519319558519,0.005784015383722966,3,LABNorm,MaxGreen2.0,nenhum,Median,-0.014610856162796004,0.0024107166519194818,0.00021186644658233332,-1.5771423633635362,0.14946443241900786,0.002696813375201755,0.046141748326571995,0.00033934040887142526
HistogramEq_CLAHE4.0,57,0.8974945533769063,0.010185763497980655,0.8723311546840959,0.02115272823209983,0.7063829787234043,0.07868825488385907,0.844122965641953,0.011430453348893128,0.9027454773821949,0.00795078248039541,0.9359553546700206,0.014719369131778163,0.060057826880776655,0.005700857322777472,0.03327187687406867,0.003337161343724217,0.06672694394213377,0.010696456868492155,0.006313201622838859,2,HistogramEq,nenhum,CLAHE4.0,nenhum,-0.014754554303991085,0.0032286948075218253,0.006841723034875755,-1.5205532088327196,0.18726429883626586,0.0035839758963804045,0.44471199726692406,0.007698612025545126
Grayscale_AHE40.0_Morpho,58,0.8973531729476661,0.014870208225059347,0.8980392156862745,0.02104273929926159,0.6553191489361703,0.05744243044345134,0.8567811934900542,0.01136670241477824,0.9122590728392558,0.008108605872772633,0.9273831021411993,0.010217745566332972,0.057897812915181944,0.006913996969769735,0.03207750155984975,0.003958958855206839,0.07215189873417718,0.01017418988058928,0.009216650545342823,3,nenhum,Grayscale,AHE40.0,Morpho,-0.014895934733231253,0.01664723902281409,0.05611819523266127,-1.2048838397975457,0.5982451239802682,0.017693461068610167,1.0,0.05814047253834276
BenGraham_AHE40.0_Gaussian,59,0.8972187456542902,0.011564777277428379,0.8664488017429195,0.024756418194033934,0.723404255319149,0.07849625397581084,0.842133815551537,0.011533297066353348,0.90097590593477,0.008670778207655471,0.9391643438375205,0.01497974811016661,0.06489489038102507,0.011734115495878076,0.03616355723891864,0.006919427655890724,0.07920433996383361,0.02283864525453119,0.0071679232185299915,3,BenGraham,nenhum,AHE40.0,Gaussian,-0.015030362026607236,0.005021544386949873,0.009973132039637823,-1.4386359251253567,0.2340324864677685,0.00544790192923807,0.5485222621800803,0.01100681559077111
GreenChannel_Gaussian,60,0.8971353080239188,0.01695585363770378,0.8738562091503269,0.0209586106971722,0.7053191489361702,0.08377354679430649,0.8452079566003616,0.012905532191510659,0.9035174249526424,0.008814527490243623,0.9358567287508086,0.01556500031863331,0.08015743079761846,0.008023363500864635,0.045155639223803015,0.004821672091010769,0.0896925858951175,0.014989541692460083,0.010509346964848698,2,nenhum,GreenChannel,nenhum,Gaussian,-0.015113799656978566,0.026717523625251864,0.03475634979080292,-1.1081028304444411,0.7480906615070522,0.02803389796445223,1.0,0.03673695060608765
AHE40.0_Median,61,0.8969869744588144,0.011116237730473225,0.8980392156862745,0.011146889675729776,0.652127659574468,0.05762820498294967,0.85623869801085,0.009308888011742365,0.912043267220265,0.005707742888626046,0.9266737528067447,0.011010614526229857,0.057205538762303366,0.004946522167071322,0.031940470594417306,0.0030172904294519286,0.06401446654611206,0.0078684358635712,0.006889915527078479,2,nenhum,nenhum,AHE40.0,Median,-0.01526213322208303,0.0037401451344691063,0.0028907900742163794,-1.4960957055749846,0.20082051417593044,0.004104166893739954,0.2688434769021233,0.0034364288180742187
Gamma0.8_AHE40.0_Median,62,0.8969661150512215,0.010276759374906444,0.8945533769063181,0.014275279448430654,0.6776595744680851,0.03290428570116894,0.8576853526220616,0.008483906073659692,0.9125002180220344,0.005969299926500871,0.9313673069681059,0.0058766307975303975,0.05442412783172411,0.007292771348750681,0.030240366783679827,0.0042913973384591875,0.0598553345388788,0.011856403716610677,0.00636960145167775,3,Gamma0.8,nenhum,AHE40.0,Median,-0.015282992629675918,0.002569172166047958,0.000787504772468151,-1.567282760543575,0.15671950212892544,0.002868493195102089,0.125213258822436,0.001085887875705484
HistogramEq_AHE40.0_Median,63,0.8968687711491217,0.004868446385975108,0.8782135076252724,0.023066947159157157,0.6904255319148935,0.05100715925492006,0.8462929475587704,0.014136274140516682,0.9044995372154998,0.010028783716698799,0.9328921084620679,0.009273561115168428,0.05397008984294573,0.005241877093500615,0.02988430712230069,0.003276409671648836,0.06094032549728749,0.01193581379960686,0.003017494332234927,3,HistogramEq,nenhum,AHE40.0,Median,-0.015380336531775729,0.00038060759525052187,0.0008964551108526678,-2.090441384946129,0.04300865826330897,0.00047267681915561573,0.1365022531272123,0.0012157115300478396
LABNorm_GreenChannel_CLAHE4.0_Gaussian,64,0.8968293700458908,0.008458588135802705,0.8847494553376907,0.01889419167425047,0.7063829787234043,0.058741217704535185,0.8544303797468353,0.011317048436117255,0.9097562473767009,0.0077990182173455795,0.9366135952272963,0.011071161437356534,0.0594144991428328,0.007931829688544613,0.03318318972999595,0.004702330457494337,0.06329113924050629,0.01193429166559575,0.005242687242489181,4,LABNorm,GreenChannel,CLAHE4.0,Gaussian,-0.015419737635006592,0.0010549381331497393,0.0009720437020422237,-1.7453243179522382,0.09283455571717707,0.0012430111200022545,0.1438624679022491,0.001305438237809217
LABNorm_Grayscale_AHE40.0_Median,65,0.8968224169100264,0.011356163409550493,0.8806100217864923,0.03151812696227052,0.6957446808510638,0.09222585521316846,0.8491862567811935,0.013510717999876461,0.9062716442553574,0.010612953548571684,0.9346773617353341,0.01691315907854194,0.06071365325342629,0.006850649212191268,0.03390197928032647,0.004034768294843361,0.06925858951175404,0.013096963409921634,0.007038623003627647,4,LABNorm,Grayscale,AHE40.0,Median,-0.015426690770870999,0.0038295144926897492,0.015308413554480793,-1.4930120944560115,0.20082051417593044,0.0041942301586602015,0.6888786099516356,0.01657690733300651
Retinex_Grayscale_Median,66,0.896720437584017,0.009110363625608398,0.8583877995642701,0.0209975777702265,0.7563829787234042,0.05836539031636256,0.8410488245931284,0.013190948734586594,0.8995485313474125,0.009510111546584212,0.9453529774685977,0.011608758359228248,0.06752616642988518,0.007069636595151453,0.03768314854587353,0.0041244136338935465,0.08481012658227843,0.015401993943487003,0.0056466618763773195,3,Retinex,Grayscale,nenhum,Median,-0.015528670096880415,0.0013305100960065766,0.017311095475854164,-1.6965330569030557,0.10644080768052613,0.0015424260185560113,0.7443771054617291,0.018675196807910212
BenGraham_MaxGreen2.0_Median,67,0.8967134844481528,0.011266099836279792,0.8655773420479302,0.016846029457076087,0.696808510638298,0.06187917860501823,0.8368896925858952,0.011075283016618075,0.8980083413951719,0.007579501125473345,0.9333248529726053,0.012047657944407535,0.06311136618583088,0.0056115807964518625,0.03508785174216321,0.0033713211521588333,0.08571428571428569,0.011600831077728196,0.006982801022580866,3,BenGraham,MaxGreen2.0,nenhum,Median,-0.0155356232327446,0.003500581158532597,0.01993978505925577,-1.5107798542689508,0.19253196371929285,0.0038634053093210045,0.8069263861938757,0.021350794057862322
HistogramEq_Morpho,68,0.8966949427525147,0.007038825023500398,0.8745098039215685,0.028594857696034183,0.7117021276595745,0.058794711220497,0.8468354430379748,0.01613022594515476,0.9043617402623333,0.011980190432573196,0.9371264511313969,0.010975398255119067,0.054290802019514105,0.004757010371915955,0.02993669585103425,0.0027742875509693754,0.0679927667269439,0.01238840996134069,0.004362708948627297,2,HistogramEq,nenhum,nenhum,Morpho,-0.015554164928382685,0.0005529406926445518,0.0010089923953079307,-1.8994805758892754,0.057505832035033386,0.0006736035980309688,0.14529490492434202,0.0013429875631992133
Retinex_GreenChannel_Median,69,0.8966740833449218,0.007496296067817318,0.8538126361655773,0.03596714629137182,0.7680851063829788,0.07502325981054124,0.839240506329114,0.01946592060517997,0.8977963637588218,0.01521490990604636,0.9479887475597849,0.014670520636449509,0.0673463361193852,0.005547399897388388,0.03749230609611578,0.003327253882127551,0.08318264014466542,0.012115582424497754,0.004646252439496287,3,Retinex,GreenChannel,nenhum,Median,-0.015575024335975574,0.0006464676056505596,0.006547574068492282,-1.8565583219912076,0.06334344791693362,0.000776031050624367,0.4386874625889829,0.007396571884839022
Retinex_AHE40.0_Gaussian,70,0.8966300468177815,0.00838976868738183,0.8688453159041394,0.023460274804059954,0.7489361702127659,0.06227418842131969,0.8484629294755877,0.013580458123340746,0.9048016017246521,0.009808676625297717,0.9444686643760773,0.01191540016365156,0.05018669855228082,0.008757777370881714,0.02773096023509134,0.005081639081165441,0.05226039783001803,0.013463574131484397,0.005200032506441198,3,Retinex,nenhum,AHE40.0,Gaussian,-0.01561906086311593,0.0009148691508184638,0.00022061207833942698,-1.7744874514264375,0.08325309272448021,0.0010846386839600344,0.04741288743481088,0.0003504197376938412
Retinex_GreenChannel_CLAHE4.0_Gaussian,71,0.8965605154591387,0.01023200924302933,0.8642701525054466,0.02612461977644254,0.7138297872340426,0.08277692623020569,0.8386980108499096,0.012493546867299917,0.8987986316161136,0.009316394185942984,0.9370525554239331,0.01509878867307718,0.0713313615248128,0.0076910131790726725,0.03991114689433346,0.00448967604743916,0.08499095840867989,0.016791305939944667,0.006341865032582131,4,Retinex,GreenChannel,CLAHE4.0,Gaussian,-0.015688592221758668,0.002049109203604616,0.012918024145977857,-1.6127735934976575,0.13524120743790466,0.0023102701805346165,0.6200651590069371,0.014067924022608461
Grayscale_CLAHE4.0_Gaussian,72,0.8964353590135818,0.009557914885239747,0.8738562091503267,0.022860249916470007,0.7074468085106382,0.05701395457735293,0.8455696202531646,0.014695792605348552,0.9036701099095723,0.010219170845420405,0.9360920826014205,0.010856875596659956,0.061847791070143154,0.006694670359359253,0.03461015174188314,0.004084646557305603,0.06708860759493665,0.011030906101268305,0.005924057020999356,3,nenhum,Grayscale,CLAHE4.0,Gaussian,-0.015813748667315553,0.0014040479216293508,0.013842351534801943,-1.6861519287903592,0.10811168996546001,0.0016178908916570675,0.6412063603736476,0.015017645533039845
CLAHE4.0,73,0.8963055671441154,0.005584323227647571,0.8457516339869281,0.02523641217440554,0.7425531914893617,0.05534641990106854,0.8282097649186257,0.013288371118172774,0.8908189138462644,0.01020626379749715,0.941670424712945,0.010746947716328533,0.06308046104870599,0.006100337312512091,0.035210458417245,0.003539941869048448,0.06672694394213377,0.009547813882662399,0.0034611993956300616,1,nenhum,nenhum,CLAHE4.0,nenhum,-0.01594354053678204,0.0003006050819023005,0.0002723765398910992,-2.095773464266713,0.037211034548104545,0.00038156274192896857,0.05311342527876434,0.0004110669565285618
LABNorm_AHE40.0_Median,74,0.8959834051824039,0.010083976469175759,0.8958605664488017,0.01853773192695655,0.6574468085106383,0.05669324508286908,0.8553345388788427,0.011531721802115102,0.911282555994628,0.007875869404640917,0.9275944036502306,0.01029614123005889,0.05810754994921809,0.006341640581376363,0.03243874720664771,0.0037289187129502877,0.06383363471971062,0.009456042616646997,0.006250113368771069,3,LABNorm,nenhum,AHE40.0,Median,-0.01626570249849346,0.0014228076508625573,0.001578752448913471,-1.6855459591139856,0.10813338146555436,0.0016362287984919407,0.18987426537460353,0.001990751443257118
Retinex_GreenChannel_Gaussian,75,0.8958652018727113,0.01061596413703077,0.8708061002178649,0.021714963673817547,0.7191489361702128,0.060844285360360864,0.8450271247739602,0.015533536923878051,0.9030759258822192,0.010671127255073437,0.9382881546679698,0.0116570775354761,0.07403783053141946,0.008058889900850963,0.04139434243765183,0.004805676711306029,0.07775768535262204,0.013665803554857915,0.0065798427414094935,3,Retinex,GreenChannel,nenhum,Gaussian,-0.01638390580818605,0.0017278790878993754,0.019681131370582333,-1.649724657150297,0.12221288021013443,0.001959626184501264,0.8069263861938757,0.021152617828195965
LABNorm_GreenChannel_CLAHE4.0,76,0.8958304361933898,0.008110698602453332,0.824400871459695,0.03328258612894434,0.8063829787234044,0.043081822832588476,0.8213381555153706,0.023044531388172144,0.884210210065512,0.017214223793611833,0.9543743148217345,0.008918048502963629,0.059120622096614596,0.006542699991921441,0.03301302940108075,0.003854086660133898,0.06582278481012653,0.01270693004754802,0.005027063075783824,3,LABNorm,GreenChannel,CLAHE4.0,nenhum,-0.01641867148750764,0.0005141046669680749,0.0038142668980715912,-1.8936816891280888,0.05455782961955537,0.0006289578372481767,0.31276988564187047,0.004439683130346488
Gamma0.8_GreenChannel_AHE40.0_Median,77,0.8957840819542948,0.010176408132145695,0.8749455337690633,0.026268563710941977,0.7244680851063829,0.08963287685357217,0.849367088607595,0.01047680779718721,0.9059055141459458,0.008150963053338909,0.9400915948808022,0.016780395248939293,0.05825230108253858,0.006086757255305033,0.032419250727269214,0.0035636740368480265,0.07052441229656414,0.0130399684465244,0.00630740310701987,4,Gamma0.8,GreenChannel,AHE40.0,Median,-0.016465025726602578,0.0013430895211885606,0.005864573686247071,-1.6976873648312494,0.10644080768052613,0.0015538762066064835,0.4144825339014227,0.0066511437270060465
Grayscale_AHE40.0,78,0.8957678579706114,0.010775074756480402,0.861437908496732,0.03062533052863721,0.7180851063829787,0.09544871513258703,0.8370705244122967,0.0142501904555845,0.8975242686093969,0.010878622359606517,0.9379698048573243,0.017828208697382827,0.05669966533496919,0.007471283131104283,0.03156403377413129,0.004344583435715875,0.07088607594936705,0.012666835960519544,0.006678460525056193,2,nenhum,Grayscale,AHE40.0,nenhum,-0.016481249710285972,0.0017758105319386846,0.011957025578596781,-1.6453923178447938,0.12221288021013443,0.002010021763513275,0.6172800051594699,0.013095789919415521
MaxGreen2.0_Morpho,79,0.8957400454271542,0.007171629837029804,0.8797385620915034,0.030219679101350264,0.7170212765957447,0.04377673577875453,0.8520795660036166,0.019266110911125248,0.9077921249258966,0.01391335933576792,0.9384303736015249,0.007609480536537511,0.07389759621235685,0.0042045471940804525,0.04149098165748194,0.0024471783100501127,0.09186256781193486,0.011334692488046425,0.004445022224844723,2,nenhum,MaxGreen2.0,nenhum,Morpho,-0.016509062253743156,0.00033224190348698243,0.00024349941648494784,-2.0020553560916916,0.03872747218338689,0.00041530237935872807,0.05023286734223827,0.00037841125534822975
Gamma0.8_CLAHE4.0_Median,80,0.8955384044870904,0.015033273825633749,0.8919389978213508,0.022222696868403224,0.6542553191489362,0.06844063498446375,0.8515370705244123,0.011063794981946576,0.90877193585471,0.008002101529177663,0.9268167550343461,0.012284027453271463,0.061347190597928855,0.007017044488029079,0.03429727686005281,0.004186255842368627,0.06365280289330918,0.010674354971032505,0.009317719651687144,3,Gamma0.8,nenhum,CLAHE4.0,Median,-0.016710703193806964,0.009047568149405183,0.0065966551280953025,-1.3410210594862564,0.3799978622750177,0.009742231621550525,0.4386874625889829,0.007437405291479998
LABNorm_MaxGreen2.0_Morpho,81,0.895234784221017,0.009471740134324426,0.8882352941176471,0.019270067321592095,0.6882978723404255,0.05041201402832899,0.8542495479204341,0.01112111648535147,0.9099650964448882,0.007885106861590944,0.9331527385765487,0.009032328726877033,0.07271935521006093,0.004537680305974885,0.04072345875860231,0.002637697764713106,0.08752260397830017,0.012649613877829686,0.005870645357020097,3,LABNorm,MaxGreen2.0,nenhum,Morpho,-0.01701432345988041,0.0007107862458501011,0.0006825229416691319,-1.8226793630859217,0.0675246933557596,0.0008496924976378546,0.11056871655039936,0.0009479485300960165
Gamma0.8_GreenChannel_CLAHE4.0,82,0.8949172576832151,0.011335085672050068,0.8477124183006536,0.03194444315463125,0.7659574468085106,0.06948907071725328,0.8338155515370704,0.016670780927656816,0.894120742730475,0.012888160065988597,0.9470600012466578,0.013644641549373206,0.060064211379723745,0.008492560124634988,0.03350681517539949,0.0049949293764068835,0.06509945750452076,0.014238712249569277,0.007025558886576447,3,Gamma0.8,GreenChannel,CLAHE4.0,nenhum,-0.017331849997682336,0.0015416155576013153,0.007017544092244558,-1.6792772811953394,0.11253793570489601,0.0017622841861247639,0.4491228219036517,0.007881030962969963
LABNorm_Grayscale_CLAHE4.0,83,0.8948407731887082,0.009464761759813256,0.8248366013071895,0.038867167527976386,0.8202127659574469,0.052704627669472974,0.8240506329113924,0.02486830297594028,0.8856946445800785,0.019225918186366646,0.9577445658015737,0.01067943724175402,0.061017312790728875,0.004516952613708464,0.034041160536158035,0.0026432665264262407,0.0672694394213381,0.007803521317749129,0.0058663201156871885,3,LABNorm,Grayscale,CLAHE4.0,nenhum,-0.017408334492189148,0.0005741835204235314,0.0017832644106838963,-1.8655956898548012,0.058980851543183006,0.0006965306418639885,0.20329214281796418,0.0022164115665335347
GreenChannel_AHE40.0_Median,84,0.8948361377647986,0.010723292889364093,0.8758169934640522,0.02579857613410546,0.7244680851063829,0.09347856729289146,0.8500904159132008,0.008284562772045137,0.9064106792755762,0.006880087698448324,0.9402115529035211,0.01763782725619235,0.05820253253941553,0.006428858944840425,0.03238752006069788,0.003787448975415168,0.07124773960216994,0.01565353377999223,0.006646365791305786,3,nenhum,GreenChannel,AHE40.0,Median,-0.017412969916098753,0.0010938835454801527,0.004125586637675994,-1.7432520881761662,0.09298010136581299,0.0012810245186376534,0.32623407195050674,0.004773063011395768
LABNorm_GreenChannel_Gaussian,85,0.8947689241181106,0.015940160457979805,0.8930283224400872,0.019579581019824606,0.6808510638297872,0.07785283120602889,0.8569620253164556,0.011639914912851353,0.911950981253135,0.007741972481889522,0.9321858415643985,0.01423532858409327,0.07993344793432802,0.008853725448884306,0.0449747442177032,0.0053411973167619845,0.08915009041591315,0.012266092324857125,0.009879813809890703,3,LABNorm,GreenChannel,nenhum,Gaussian,-0.0174801835627868,0.009241965050374695,0.012361214430159542,-1.3433357809161004,0.3799978622750177,0.009932953091524204,0.6172800051594699,0.013487093543342954
HistogramEq_GreenChannel_AHE40.0_Morpho,86,0.8946344968247347,0.00872492225324127,0.8991285403050109,0.01779007885565684,0.6223404255319149,0.045757049292779926,0.8520795660036166,0.01207954194080804,0.9097673092646629,0.00813921548665939,0.9209240480212726,0.00814258597599405,0.050336295434954284,0.007212301009550186,0.027540543371559062,0.004141851908943946,0.0540687160940325,0.008918185361225914,0.005407762838713641,4,HistogramEq,GreenChannel,AHE40.0,Morpho,-0.01761461085616267,0.0003519798822696227,0.0029376199985668245,-1.9651595407074303,0.04023822756710806,0.0004380701997944438,0.2688434769021233,0.003473584177378895
HistogramEq_GreenChannel_CLAHE4.0,87,0.894611319705187,0.006207146770237831,0.840958605664488,0.03494904695865206,0.774468085106383,0.08252589054064602,0.8296564195298373,0.01759022685181052,0.8909347769037362,0.01417086762482859,0.9487450466166955,0.016662410605854404,0.06392073843520292,0.005695750465096527,0.0357923570618506,0.003321749612912667,0.08047016274864374,0.012906939786235003,0.0038472294267222424,3,HistogramEq,GreenChannel,CLAHE4.0,nenhum,-0.01763778797571036,0.00012881355759765433,0.0016290575372430044,-2.2482542894016193,0.018935592966855187,0.0001725632998430591,0.1904327768747296,0.0020363219215537554
Gamma0.8_Grayscale_CLAHE4.0_Morpho,88,0.8944073610531683,0.012015877800389332,0.8943355119825707,0.030122665434939924,0.6617021276595745,0.06854161377786994,0.8547920433996383,0.015463206633904809,0.9107006591979013,0.011330644315192323,0.9285347385588423,0.011599175441755797,0.05350964140682944,0.0059805692683988065,0.02968446965356083,0.003556741146770332,0.060578661844484585,0.010414196831326699,0.007447518219354932,4,Gamma0.8,Grayscale,CLAHE4.0,Morpho,-0.017841746627729083,0.00169194143241124,0.00403305059747052,-1.6675842257306006,0.12181978313360928,0.0019302903246755218,0.32623407195050674,0.004675411478922478
BenGraham_Median,89,0.894363324526028,0.010107839184107955,0.877995642701525,0.022849865973205926,0.6829787234042554,0.0774966716575758,0.8448462929475588,0.008850707579494918,0.9036938661629552,0.006847749170034124,0.9316343648273182,0.014285801977194852,0.06262821845500963,0.008219728691650082,0.03489042101156647,0.004748671964537268,0.07142857142857138,0.012822210600471756,0.006264903632717916,2,BenGraham,nenhum,nenhum,Median,-0.01788578315486944,0.0006265755201865896,0.0025261975378303055,-1.8510352743474752,0.062030976498472376,0.0007553059205603545,0.25009355624520024,0.003045206675581605
Retinex_CLAHE4.0_Median,90,0.8943401474064803,0.008178665138067486,0.89760348583878,0.02565507876928934,0.6914893617021277,0.04704432326745251,0.8625678119349006,0.01585647551291852,0.91539843945064,0.011193794265413363,0.9344496925759904,0.00810151035222284,0.06709855570467887,0.008365147151426519,0.03771995323908076,0.004981885318367991,0.0788426763110307,0.013045539892386998,0.005069189170997314,3,Retinex,nenhum,CLAHE4.0,Median,-0.01790896027441713,0.00022865042652440922,0.00022052505783632967,-2.058003695909932,0.030324162506354706,0.00029611260191787233,0.04741288743481088,0.0003504197376938412
BenGraham_MaxGreen2.0_Gaussian,91,0.89424743892829,0.00653454853400379,0.8880174291938998,0.013555175128912321,0.7063829787234043,0.021394472523401938,0.8571428571428571,0.012264611181058352,0.9116098580963842,0.008117426598798582,0.9365804670844007,0.004575356697255182,0.06923165155039637,0.005226638114697674,0.03852815431731887,0.003042047275905117,0.07775768535262204,0.008308649036823523,0.004050155142279779,3,BenGraham,MaxGreen2.0,nenhum,Gaussian,-0.018001668752607447,0.0001139908804711727,0.0028925766051268206,-2.2567152275433684,0.017212622951147078,0.00015422295593158658,0.2688434769021233,0.0034364288180742187
HistogramEq_Grayscale_AHE40.0_Median,92,0.8941964492652852,0.008463517658815447,0.8851851851851851,0.023645008637453148,0.6585106382978723,0.0658563245262491,0.8466546112115733,0.012199262824037172,0.905387913098967,0.00885574154049028,0.9271235902813124,0.011570285696937651,0.06166459856540095,0.007917886309162889,0.034325924743207205,0.004690127239474748,0.07721518987341769,0.017450245221262733,0.005245742592506883,4,HistogramEq,Grayscale,AHE40.0,Median,-0.01805265841561221,0.00024242014459779627,0.003460791478474511,-2.0427927982821816,0.03127219865311572,0.0003118379936101406,0.2971074060561171,0.0040528617110444885
HistogramEq_AHE40.0_Gaussian,93,0.8940040791730404,0.014182768822304499,0.8843137254901962,0.02677070504232684,0.6680851063829787,0.0940619130078602,0.8475587703435805,0.014692083575901854,0.9058014669984911,0.010346736128625415,0.9292112895771902,0.01647079129374397,0.05463240585581155,0.0075808577635612055,0.0301688051854625,0.004413381145146598,0.058408679927667226,0.013398649947806675,0.008790571189196798,3,HistogramEq,nenhum,AHE40.0,Gaussian,-0.01824502850785703,0.0037188984106653784,0.009292678074420637,-1.5264905325518858,0.20082051417593044,0.004096487712897687,0.5296826502419762,0.010295356248153883
Gamma0.8_MaxGreen2.0_CLAHE4.0_Gaussian,94,0.8939878551893571,0.009768709107805246,0.8934640522875817,0.019873665465203975,0.6734042553191489,0.06931694447106923,0.8560578661844485,0.012476085577331205,0.9114688790957048,0.008377738291232404,0.9306738877883133,0.012945604216815225,0.06336093501870896,0.007048759228031374,0.03517498827680041,0.00424929256335635,0.07848101265822781,0.01711704819703326,0.0060547086337379985,4,Gamma0.8,MaxGreen2.0,CLAHE4.0,Gaussian,-0.018261252491540314,0.0004301682953087768,0.004455199620578132,-1.9249568420095187,0.04731851248396545,0.0005307870596621173,0.34509724416045373,0.005133747057780413
LABNorm_Grayscale_Gaussian,95,0.8939252769665786,0.011251520414532038,0.8945533769063181,0.023759599182778268,0.651063829787234,0.07263879505854962,0.8531645569620252,0.013553677465996568,0.9099106645332753,0.00932847594943316,0.9263965205917257,0.012945696386565583,0.07609239303554756,0.0063122260728643515,0.04278376305089552,0.0037110078992421526,0.08625678119349003,0.014542946739777109,0.006973764603361412,3,LABNorm,Grayscale,nenhum,Gaussian,-0.018323830714318756,0.0009227840656260497,0.008426995432836221,-1.7833070104963575,0.08325309272448021,0.0010917712710596266,0.5140467214030096,0.009408781308506461
LABNorm_Grayscale_CLAHE4.0_Gaussian,96,0.8938232976405691,0.009125014101308665,0.8681917211328976,0.021500176242683265,0.7202127659574468,0.0687705596147426,0.8430379746835444,0.010876666491756396,0.901697574719354,0.007886213775505512,0.938471163887117,0.0129667746405535,0.06074914005682005,0.007692644024061447,0.034017223630581336,0.004703131244392565,0.06618444846292944,0.012181379702538058,0.005655742335292807,4,LABNorm,Grayscale,CLAHE4.0,Gaussian,-0.018425810040328283,0.00027842538543291367,0.0034965083748711686,-2.0114475481500755,0.03528405329025653,0.0003557657702753897,0.2971074060561171,0.004078077719170227
Grayscale_Gaussian,97,0.8937502897139943,0.01653552373592658,0.8969498910675382,0.02588123628803661,0.675531914893617,0.09002483882827024,0.8593128390596745,0.012169443021863681,0.9135570190523264,0.00861734168181973,0.9316179946621872,0.016190237847433165,0.07581996959219713,0.004848711961303229,0.04267959749145324,0.0028202845396591474,0.08336347197106687,0.014775926291063769,0.0102488237926237,2,nenhum,Grayscale,nenhum,Gaussian,-0.018498817966903114,0.007915573884486988,0.008629390437209235,-1.3826932659350395,0.34828525091742746,0.008555366510488755,0.5140467214030096,0.009597484528811045
GreenChannel_Median,98,0.8932739999072915,0.009854372912762654,0.8586056644880176,0.03002094678192508,0.727659574468085,0.07060211554465139,0.8363471971066907,0.014397312733569832,0.8967860963625156,0.011306979699283033,0.9395613538734029,0.01359572345017198,0.07108579534381114,0.007022189728599898,0.03974658113102205,0.0041798950574652724,0.08372513562386977,0.011470117752039754,0.006107803610131557,2,nenhum,GreenChannel,nenhum,Median,-0.018975107773605893,0.0003113231736512833,0.0018182686471668165,-1.9909304547508822,0.037358780838154,0.00039256759835414013,0.20329214281796418,0.0022483967142385365
Gamma0.8_GreenChannel_Morpho,99,0.8932114216845131,0.00920176241291091,0.8616557734204793,0.02351528665024281,0.7404255319148936,0.04893103066853999,0.8410488245931284,0.01383622810666458,0.8998524862846644,0.010142576998942054,0.9421392217013705,0.009334183243716621,0.0682649526479763,0.008484705101374371,0.038167723607402074,0.005039213174361754,0.0822784810126582,0.016446972452853818,0.00570331143165495,3,Gamma0.8,GreenChannel,nenhum,Morpho,-0.019037685996384335,0.00020910491126143946,0.00021252620933559009,-2.069588405589669,0.028438267931555766,0.00027326209994392653,0.046141748326571995,0.0003394515843554564
GreenChannel_CLAHE4.0_Gaussian,100,0.8929170722662588,0.01242357890884006,0.8851851851851853,0.020847597653236592,0.7159574468085107,0.06344446342779535,0.8564195298372514,0.013402716923146277,0.910904046616048,0.00913321699579701,0.9386123407153308,0.0118393968322692,0.060320413202268476,0.006118454285944303,0.033625342008138645,0.003678233447428745,0.06491862567811932,0.014452725968509172,0.007700213984381738,3,nenhum,GreenChannel,CLAHE4.0,Gaussian,-0.01933203541463857,0.001065957092539962,0.0019487267482179126,-1.7687941104975378,0.09283455571717707,0.001250868016756078,0.20851376205931665,0.0023891639237213214
Retinex_Grayscale_AHE40.0,101,0.8928174106522041,0.00726133602989648,0.8657952069716777,0.014531588599309558,0.727659574468085,0.04574330637332505,0.8423146473779385,0.00921276584667522,0.9010929485631491,0.0063760962507437725,0.9396333271455972,0.008940930714545197,0.05893736927481672,0.008032395893100737,0.03296416527494389,0.004654070347446642,0.07414104882459308,0.012672571453664036,0.004500622699222208,3,Retinex,Grayscale,AHE40.0,nenhum,-0.019431697028693296,6.492406236419129e-05,0.00023744171581900592,-2.345345646665345,0.010842318414819946,9.127465980295841e-05,0.04938787689035323,0.00037100268096719674
BenGraham_MaxGreen2.0_AHE40.0_Gaussian,102,0.8926528531034164,0.007901416625123581,0.8549019607843137,0.028036092273891807,0.7319148936170212,0.0690898092366386,0.8339963833634719,0.012376672952584033,0.895087806278695,0.00997388266864912,0.9401734488276784,0.0128667581635811,0.06340358825808895,0.00968774079985312,0.03514523324633526,0.005581176747139397,0.07703435804701624,0.018187363149508015,0.00489734876235302,4,BenGraham,MaxGreen2.0,AHE40.0,Gaussian,-0.019596254577481043,7.816514380480217e-05,0.0010176536329194225,-2.285792295168979,0.01249403253935856,0.00010778167311213728,0.1455244695074774,0.0013513876187729052
CLAHE4.0_Median,103,0.8926041811523664,0.011587689569041493,0.8786492374727668,0.02482024543521919,0.672340425531915,0.050598748884360174,0.8435804701627486,0.013857219930768695,0.9029970481674106,0.010213742261377608,0.9293016954348323,0.008729892783457788,0.06091276217105586,0.006210222326893068,0.03410071107591596,0.0036965502564540067,0.06889692585895114,0.01245422453797223,0.007182124404000629,2,nenhum,nenhum,CLAHE4.0,Median,-0.019644926528531004,0.000594333208264612,0.0014213804402521892,-1.878040052877078,0.059624036764948,0.000717944526790235,0.1847794572327846,0.0018324972043610062
BenGraham_Grayscale_CLAHE4.0_Gaussian,104,0.8926041811523664,0.010182129773566284,0.8660130718954248,0.013518163013061914,0.7244680851063829,0.05858044406746584,0.8419529837251357,0.010789463935028063,0.9009300568609694,0.007043646307821277,0.9390299998822644,0.011565156001178512,0.0673648148197499,0.007267247228751939,0.03744638138560579,0.0042123927157919645,0.07613019891500898,0.019259509213480408,0.0063109494171132595,4,BenGraham,Grayscale,CLAHE4.0,Gaussian,-0.019644926528531004,0.0002667218528825317,0.0021091076319992978,-2.0249359775501166,0.03414039716896406,0.0003423327352844994,0.21934719372792696,0.002569357814405924
LABNorm_GreenChannel_Median,105,0.8924581652992167,0.010540734948375537,0.8732026143790849,0.03767656661174048,0.7127659574468085,0.10117264267863195,0.8459312839059674,0.01831873904639459,0.903606508615922,0.014012700440167117,0.9378320638148955,0.018608160705987784,0.06878549089271377,0.006116821885060069,0.0382858812040172,0.0036297384933650003,0.08065099457504515,0.011283287722047106,0.006533215207204795,3,LABNorm,GreenChannel,nenhum,Median,-0.019790942381680665,0.00030557452759769,0.0015999216947592658,-2.0008736019325903,0.037211034548104545,0.0003861656117992786,0.19039068167635262,0.002013030578745247
LABNorm_Grayscale_AHE40.0,106,0.8924535298753071,0.0068066043745579384,0.8477124183006536,0.03271119280261664,0.7606382978723405,0.07254351966481835,0.8329113924050633,0.016534002821934877,0.8935940566678999,0.013054699410478475,0.945943207553937,0.013543302335104628,0.0555326504037386,0.005966231254125909,0.030789028497549758,0.0035154622846993557,0.06998191681735981,0.007335524015226691,0.0042187770992327105,3,LABNorm,Grayscale,AHE40.0,nenhum,-0.01979557780559027,4.512783141887743e-05,0.0005249189974095782,-2.4469540108706362,0.00794249832972243,6.487125766463631e-05,0.0912010604845559,0.0007489539044925744
Retinex_CLAHE4.0_Gaussian,107,0.8922310295276503,0.006480452307024566,0.8917211328976036,0.023194629170443466,0.6978723404255319,0.06001190298242887,0.8587703435804702,0.011608658371701315,0.9127879991246302,0.008378816663890107,0.9354333075238859,0.010755144116776801,0.06940329288156485,0.005263907423711746,0.03896532689000731,0.003026325241068362,0.07251356238698008,0.008836327866375693,0.004016625953424922,3,Retinex,nenhum,CLAHE4.0,Gaussian,-0.020018078153247076,3.636534431169732e-05,7.169653216601357e-05,-2.5164658575914816,0.00690941541922249,5.417117352131078e-05,0.01871279489532954,0.00013087462220780254
GreenChannel_Morpho,108,0.8922171232559218,0.006616951045153128,0.8494553376906318,0.038843414444093165,0.7372340425531915,0.06931694447106922,0.830379746835443,0.02187990374286319,0.8922249493514265,0.016912368299320298,0.9410465752936197,0.01278136586298864,0.06588252997885971,0.007130866832998411,0.03676484742570701,0.004250369797955649,0.07902350813743214,0.016152735342018467,0.004101228747829046,2,nenhum,GreenChannel,nenhum,Morpho,-0.020031984424975557,3.7426625621677873e-05,0.0009058896163167095,-2.5006140301512207,0.006998778991253762,5.532213298834133e-05,0.13678933206382313,0.0012256153632520187
LABNorm_GreenChannel_AHE40.0_Morpho,109,0.8921244147777314,0.014638031325666883,0.8978213507625272,0.009928204415473884,0.626595744680851,0.047957633500153696,0.8517179023508138,0.0059671458327978785,0.9095045832021548,0.0037420549546286898,0.9216464459301562,0.008720147611765745,0.05854718186867501,0.00511570417090315,0.03246099924910067,0.0030321732729062354,0.06889692585895116,0.009994037711983218,0.009072745812200257,4,LABNorm,GreenChannel,AHE40.0,Morpho,-0.020124692903165986,0.002190171063008997,0.009577894682249987,-1.6463752345180578,0.14017094803257582,0.0024596647680276825,0.5363621022059993,0.010590941235180276
HistogramEq_Grayscale_AHE40.0,110,0.8920687896908172,0.008582601386038486,0.8416122004357298,0.03849700533242566,0.7680851063829788,0.06963368912699903,0.8291139240506329,0.02213497772993195,0.8906124313828048,0.017245828426668927,0.947231229068918,0.013566357877624356,0.05630642414675892,0.00728852480848378,0.0311680665480434,0.004166161568964828,0.07558770343580465,0.01471061937145905,0.005319551451323136,3,HistogramEq,Grayscale,AHE40.0,nenhum,-0.020180317990080243,8.03653846074119e-05,0.0003997002677888693,-2.268857731482265,0.012685352492669725,0.00011028662565456286,0.07274544873757421,0.0005833189187274109
GreenChannel_CLAHE4.0,111,0.8919760812126268,0.01000963478150364,0.8455337690631808,0.030869750450963403,0.7659574468085106,0.08039563155145131,0.8320072332730561,0.014849512036481065,0.8928803952358229,0.011637470320492796,0.9470428047325958,0.015908995904918517,0.0608543725716759,0.00839119537702835,0.03397240756038247,0.004944375401861167,0.06763110307414102,0.010377499320871546,0.006204035913374697,2,nenhum,GreenChannel,CLAHE4.0,nenhum,-0.02027302646827056,0.00017525517353396376,0.0017846931396609156,-2.109283671272152,0.024886234641822852,0.00023219291424430682,0.20329214281796418,0.0022164115665335347
Gamma0.8_GreenChannel_CLAHE4.0_Gaussian,112,0.8919691280767627,0.012362972144895026,0.8819172113289759,0.016134430300071213,0.7287234042553192,0.03794491943090903,0.855877034358047,0.015202545495403166,0.910324581549523,0.009971711090889627,0.9407754193145814,0.007993372442098166,0.060887190681513714,0.006323045238687825,0.033960024474567294,0.0038036262148730196,0.066003616636528,0.013404072307376197,0.007662649522908757,4,Gamma0.8,GreenChannel,CLAHE4.0,Gaussian,-0.020279979604134746,0.0006815383484509454,0.0015203946162350517,-1.8613880841183401,0.06542768145129076,0.0008164261465818616,0.1862575392989818,0.001925609921443072
Gamma0.8_GreenChannel_Median,113,0.8917512631530154,0.01160006665123233,0.8662309368191721,0.029910948952031568,0.7287234042553191,0.07756965551144453,0.8428571428571429,0.014044734533626594,0.9012782102646171,0.01092622088040126,0.9403386278251012,0.01472940919992344,0.0715297637534934,0.006909474527858269,0.04000434838072531,0.004080791843848417,0.08661844484629291,0.015612861599436149,0.0071897957990206185,3,Gamma0.8,GreenChannel,nenhum,Median,-0.020497844527881948,0.00040368991033414573,0.0016740630061762385,-1.958294671393205,0.045114265083229445,0.0004991864482626533,0.19251724571026743,0.002088039541326111
Retinex_CLAHE4.0,114,0.8916956380661011,0.016970282254969354,0.8381263616557734,0.04704234629092893,0.7808510638297872,0.11731105320927847,0.8283905967450271,0.023023236575626386,0.8896530852734946,0.018322836030828193,0.9506774116179683,0.022579534023755794,0.0664074861155241,0.006335433442413481,0.03738670390741933,0.003672442103812291,0.08245931283905963,0.013456825810609587,0.010518289914481725,2,Retinex,nenhum,CLAHE4.0,nenhum,-0.020553469614796316,0.004657209795331534,0.006265117573069842,-1.5059343703299526,0.2304446342454736,0.00508139588674693,0.42602799496874927,0.00709142244983299
Gamma0.8_Grayscale_Median,115,0.8916214712835488,0.014693365419874004,0.8843137254901962,0.020603311252758095,0.6893617021276596,0.06724511385040317,0.8511754068716094,0.015556909698041943,0.9078779163169605,0.0102540914852514,0.9331466908327819,0.012784817727301005,0.07011863837110169,0.008282893826169835,0.03919008705218484,0.0048599196076828275,0.0781193490054249,0.015480819160932628,0.009107042239111794,3,Gamma0.8,Grayscale,nenhum,Median,-0.020627636397348548,0.0018575024113323642,0.00442432364308274,-1.6829563588038907,0.1244526615592684,0.002098357340896089,0.34509724416045373,0.005108405812796336
GreenChannel_AHE40.0,116,0.8916145181476847,0.01287015614499677,0.8326797385620915,0.04372763646811029,0.7882978723404255,0.08292869923302222,0.825135623869801,0.025659293486343833,0.8871749734871791,0.020151636189119717,0.9514067809811962,0.01659486853242824,0.05424387904192098,0.005605138172438492,0.03015335199357468,0.0032636265579292587,0.0690777576853526,0.006646919229458824,0.007977005422999606,2,nenhum,GreenChannel,AHE40.0,nenhum,-0.020634589533212733,0.0007666785793614611,0.007446997661905989,-1.8448628995501133,0.07130110788061587,0.0009127125944779299,0.4617138550381713,0.008330785322171096
Gamma0.8_GreenChannel_AHE40.0,117,0.8914986325499467,0.013054565935762494,0.8326797385620915,0.04367936662618906,0.7872340425531915,0.08391602529219312,0.8249547920433997,0.025470982801676686,0.8870740077768838,0.020053366937338123,0.9511841167627338,0.016740291161555898,0.054217577831694654,0.005496186881555459,0.030136484830572914,0.003189813233182635,0.06962025316455693,0.00823176629520656,0.008091303795483942,3,Gamma0.8,GreenChannel,AHE40.0,nenhum,-0.02075047513095074,0.0008043343604928032,0.007097590957195817,-1.8377494543525392,0.07399876116533789,0.0009555625150482683,0.4491228219036517,0.007955389474439755
HistogramEq_Grayscale_CLAHE4.0,118,0.8914592314467159,0.008350702199667328,0.8564270152505447,0.026072079491657026,0.7510638297872341,0.0552099303717122,0.8385171790235081,0.01576570547869545,0.897833189180024,0.011557764557399614,0.9441212494146229,0.010454256084032557,0.061241451940996894,0.006414716184340628,0.03417956697795173,0.003719866701978139,0.08010849909584083,0.013013471504490276,0.005175818846494478,3,HistogramEq,Grayscale,CLAHE4.0,nenhum,-0.020789876234181492,5.100335830859091e-05,0.002043227841217985,-2.3669460469864387,0.00887458434569482,7.295256474487507e-05,0.2165821511691064,0.0024996936355326407
Retinex_MaxGreen2.0_Median,119,0.8914569137347611,0.011215346176146349,0.8718954248366014,0.04506990563406475,0.698936170212766,0.10092998478091562,0.84249547920434,0.023180511691779943,0.9013528778989537,0.01827263313022991,0.9350519535307555,0.018720076309840884,0.07625164793318304,0.005746955646272607,0.0428887167236217,0.00332479138230566,0.09981916817359851,0.009970378844188213,0.00695134357812096,3,Retinex,MaxGreen2.0,nenhum,Median,-0.020792193946136295,0.0002808400282346662,0.00022556453061464633,-2.0274378236638686,0.03528405329025653,0.00035805546837013985,0.047594115959690375,0.00035534138384499085
BenGraham_MaxGreen2.0_CLAHE4.0_Gaussian,120,0.8914059240717563,0.011626971163222994,0.8727668845315903,0.020468483985420838,0.6851063829787234,0.08135960510468081,0.8408679927667269,0.00986781527651891,0.9009705521716272,0.0069757783935999445,0.9316794164809336,0.015456186284589108,0.059487464967139914,0.004990542175904939,0.03281216768403629,0.002916487627897898,0.07323688969258586,0.008869161524751146,0.007206471388316877,4,BenGraham,MaxGreen2.0,CLAHE4.0,Gaussian,-0.02084318360914106,0.00034989763101833096,0.004480647566532002,-1.988453817900442,0.04023822756710806,0.000436423292484903,0.34509724416045373,0.005152744701511802
BenGraham_Grayscale_AHE40.0_Gaussian,121,0.891319009873453,0.009043311646240143,0.8533769063180827,0.03375227013125991,0.7361702127659575,0.08206749471286579,0.8334538878842677,0.018897670898306865,0.8945377587633205,0.01377083823947105,0.9410870632834198,0.015439019008220813,0.062345789381180974,0.011768877382602391,0.03458544385273863,0.006838333583157714,0.07631103074141045,0.018711215887827058,0.005605102628997763,4,BenGraham,Grayscale,AHE40.0,Gaussian,-0.02093009780744437,6.992470021830507e-05,0.0016178239343252157,-2.2949991644859624,0.011467650835802031,9.75890840425374e-05,0.1904327768747296,0.0020266857565076233
HistogramEq_MaxGreen2.0_AHE40.0_Gaussian,122,0.8911996477077828,0.014882358152968006,0.8812636165577341,0.029557097204021346,0.6734042553191489,0.07993288518184676,0.8459312839059674,0.016147110934541974,0.9045300793095341,0.011749451914190705,0.9299754819208665,0.014290700256426163,0.060116733211494064,0.004122322607621953,0.03337275672365332,0.0024240081157703027,0.07305605786618441,0.010516614098885806,0.009224181148680071,4,HistogramEq,MaxGreen2.0,AHE40.0,Gaussian,-0.02104945997311458,0.001726109103652284,0.002928603114721651,-1.7016167009313254,0.12221288021013443,0.001959626184501264,0.2688434769021233,0.0034720552391029886
Grayscale_CLAHE4.0,123,0.8911671997404162,0.008027436983895998,0.8344226579520697,0.035024416998656493,0.7840425531914894,0.04965805309627034,0.8258589511754069,0.023174241180623927,0.8879746652611026,0.017662805154096527,0.9500053188095926,0.009600246758997349,0.06259451491320982,0.005704811302670641,0.03495789763057715,0.0033662735043117845,0.07034358047016272,0.007693326360283065,0.004975456989946415,2,nenhum,Grayscale,CLAHE4.0,nenhum,-0.021081907940481148,3.682600747823264e-05,0.0009269859124742039,-2.442464794330811,0.00696011541338597,5.4655153230470126e-05,0.1390478868711306,0.0012512133795133035
BenGraham_Morpho,124,0.8911254809252306,0.009396372883201382,0.8819172113289759,0.025937213387812554,0.7074468085106382,0.05567488818477868,0.8522603978300181,0.013262370470097628,0.9081767599087149,0.009831008890074324,0.9367176138333241,0.01006277045836277,0.06069716282186034,0.005360407744072028,0.03386346389965944,0.0031641027360399822,0.07160940325497282,0.008447425215843204,0.005823932250811296,2,BenGraham,nenhum,nenhum,Morpho,-0.021123626755666813,7.8087703370991e-05,0.0032454717685181677,-2.2721824115125187,0.01249403253935856,0.00010778167311213728,0.2823560438610806,0.0038162500345561277
LABNorm_Grayscale_AHE40.0_Morpho,125,0.8909725119362166,0.016223120772520243,0.9021786492374728,0.022157337601282242,0.6297872340425532,0.06398719755256718,0.855877034358047,0.01369369162376942,0.9121186639080016,0.009463201400747173,0.9227502796008362,0.011482805372013771,0.057478389618248235,0.006553470261788388,0.03178687082891622,0.003715781582556126,0.07215189873417718,0.011291335143170008,0.010055194429842252,4,LABNorm,Grayscale,AHE40.0,Morpho,-0.02127659574468077,0.0027825413630110036,0.013642688518588247,-1.6135489572443567,0.16695248178066022,0.003100700162270014,0.6412063603736476,0.01482900925933505
MaxGreen2.0_Unsharp1.5,126,0.8907407407407406,0.00978677456067333,0.8470588235294118,0.0359869360476121,0.7574468085106383,0.0678037923558418,0.8318264014466547,0.02295290266987316,0.8928385317346714,0.017083504086605295,0.9450926838747113,0.0130647600576106,0.06928836904472524,0.006170577877890076,0.0388939127998641,0.003660002064181754,0.07667269439421336,0.006039770970404026,0.0060659057174310095,2,nenhum,MaxGreen2.0,nenhum,Unsharp1.5,-0.021508366940156787,8.165063257030535e-05,0.0012349631927684771,-2.2650202100933634,0.012737498680967635,0.00011178360411410851,0.1679549942165129,0.001613872354186078
Retinex_Grayscale_CLAHE4.0_Gaussian,127,0.8906063134473647,0.012140359436935706,0.8660130718954248,0.04017558892062084,0.6946808510638298,0.11325888073652711,0.8368896925858952,0.022949736533894222,0.8977541833375623,0.01664004426595683,0.9336320744761943,0.01966279038027713,0.07074736461680922,0.005756089134553624,0.03953430869016458,0.0033954869872292177,0.08209764918625675,0.01034242825293659,0.007524672737031884,4,Retinex,Grayscale,CLAHE4.0,Gaussian,-0.02164279423353266,0.0003301707264322408,0.0034547372797222916,-2.0096954149839177,0.03872747218338689,0.00041361256579202277,0.2971074060561171,0.0040528617110444885
HistogramEq_GreenChannel_CLAHE4.0_Gaussian,128,0.8904232142029389,0.015993417204804905,0.8830065359477125,0.026325720579294963,0.6936170212765957,0.07485545986926959,0.8508137432188064,0.014372054270724985,0.9074803421037299,0.010252980641821547,0.9341240305202666,0.014210011532493183,0.059989994678233835,0.00578072168683355,0.03349294260189919,0.0034270321519500766,0.07540687160940322,0.0060906898512690134,0.009912822683555401,4,HistogramEq,GreenChannel,CLAHE4.0,Gaussian,-0.02182589347795849,0.0021039683437908867,0.003180943087160365,-1.6731036976166478,0.13675794234640765,0.0023674790561247746,0.27992299167011214,0.003748037449010676
HistogramEq,129,0.8903629536921152,0.013353843821410905,0.8063180827886711,0.04337220748108218,0.8297872340425532,0.08481035988015176,0.8103074141048825,0.02297584410755382,0.8753293472150163,0.019158590361222774,0.959672445373273,0.018051668084548608,0.05726415579932692,0.0035803523837159706,0.031597904767987,0.0021176023101890807,0.0737793851717902,0.0103283664813039,0.008276798150789747,1,HistogramEq,nenhum,nenhum,nenhum,-0.021886153988782242,0.0005903369976727525,0.0018128970245672622,-1.908970650701649,0.059624036764948,0.0007146184708670161,0.20329214281796418,0.002246585752427103
Retinex_Grayscale_Gaussian,130,0.8901358179205487,0.009040620312411634,0.868409586056645,0.023803951655919687,0.698936170212766,0.07639354714615071,0.839602169981917,0.014517941654671488,0.8997656930916257,0.010199685075454283,0.934129316890747,0.014404496159875801,0.07584142920560025,0.005545711768091932,0.04255726093377602,0.0035048714901972093,0.08643761301989147,0.011009475642513186,0.0056034345230087405,3,Retinex,Grayscale,nenhum,Gaussian,-0.022113289760348653,3.7577766848120285e-05,0.0011128787654843622,-2.425091749601724,0.006998778991253762,5.5403117788895294e-05,0.15691590593329507,0.0014693838632324702
HistogramEq_CLAHE4.0_Median,131,0.8899457655402587,0.011996523248886505,0.881045751633987,0.02107779803476744,0.6702127659574468,0.052597152390749406,0.8452079566003616,0.009576312047370951,0.904192188424154,0.0073952738362420166,0.9290668913945292,0.009277841118642901,0.061868783623955335,0.006701944820170693,0.0344606730249099,0.0038907633354430906,0.07088607594936705,0.010571747447085611,0.007435522144050298,3,HistogramEq,nenhum,CLAHE4.0,Median,-0.02230334214063867,0.00022620643902685074,0.005826781090923838,-2.0867076474400976,0.030311662829598,0.0002942730824444325,0.4144825339014227,0.006621342148777089
Gamma0.8_GreenChannel_AHE40.0_Morpho,132,0.8899434478283039,0.01540434684108357,0.8899782135076253,0.020546919899484543,0.6319148936170212,0.0713109899021244,0.8461121157323689,0.011259110947487674,0.9055908248585842,0.007841968011955835,0.9222581969546244,0.012736050100156077,0.05721401610064262,0.006018500588457913,0.03177603763247189,0.00355992840837369,0.06509945750452074,0.010647089651992596,0.009547713089468607,4,Gamma0.8,GreenChannel,AHE40.0,Morpho,-0.022305659852593474,0.0013815977382148326,0.002309656292052418,-1.7583240167581182,0.10776462358075695,0.0015952182720351982,0.23789459808139907,0.0028077217080975485
GreenChannel_AHE40.0_Morpho,133,0.889855374774023,0.015655202292209895,0.8901960784313726,0.018291429474429872,0.6287234042553191,0.07612972232311715,0.8457504520795659,0.009183139553279401,0.9054397917174949,0.006262861250649741,0.9216857712991049,0.013712403119642922,0.05666329703302243,0.006064392832294378,0.03145374476685964,0.003591265927136069,0.06401446654611206,0.012706930047548049,0.009703194908918142,3,nenhum,GreenChannel,AHE40.0,Morpho,-0.02239373290687441,0.0014968414917705722,0.0025580375936953407,-1.7442802973405869,0.11226311188279292,0.001717931851832493,0.25009355624520024,0.003070713186586265
Retinex_MaxGreen2.0,134,0.8895424836601308,0.005840039338933946,0.8278867102396514,0.022710959725652718,0.798936170212766,0.0497592412869817,0.8229656419529837,0.012996708760515131,0.8857474067870383,0.01012137514526754,0.9529173317077329,0.010390002139082151,0.07222215805424001,0.0042528233815801175,0.04024939087050692,0.0024267142085074066,0.0896925858951175,0.011694412839327548,0.003619693883459004,2,Retinex,MaxGreen2.0,nenhum,nenhum,-0.02270662402076662,7.898957623802e-06,5.11394148874862e-05,-2.947810012879542,0.001769366507731648,1.2903126800244744e-05,0.01360308436007133,9.485536632356312e-05
HistogramEq_MaxGreen2.0_Gaussian,135,0.8895169888286285,0.01516943389197645,0.8797385620915034,0.01757383699317841,0.6787234042553192,0.05669324508286904,0.8455696202531646,0.009029527817274998,0.9043074779479052,0.006534577883886214,0.9306668453378594,0.010624243313935538,0.06547141952777528,0.004478469689022124,0.03673377803367631,0.0027393666297184705,0.07703435804701625,0.008051022474774683,0.009402112535143647,3,HistogramEq,MaxGreen2.0,nenhum,Gaussian,-0.02273211885226889,0.0010651319089828829,0.0006276351165319796,-1.812275583569267,0.09283455571717707,0.001250868016756078,0.10293215911124465,0.0008759470679754568
Retinex_Gaussian,136,0.8894567283178046,0.007399535138480211,0.8860566448801743,0.030136668650495534,0.6978723404255319,0.0587412177045352,0.8540687160940326,0.015463206633904793,0.9095181575942558,0.011736787787126673,0.9351258697600506,0.010181961599386365,0.08103420055288443,0.003137246997892914,0.04570286995463158,0.00190571050420211,0.08679927667269435,0.005589884566302414,0.004586279394153193,2,Retinex,nenhum,nenhum,Gaussian,-0.022792379363092752,1.102265235599415e-05,0.0003160846817806982,-2.7308921574371876,0.002325779647114766,1.736445234163462e-05,0.05942392017477126,0.00046842446397912747
LABNorm_MaxGreen2.0_CLAHE4.0_Gaussian,137,0.8894080563667547,0.012437850998227811,0.8949891067538127,0.02022483373082044,0.6542553191489362,0.08689752308399185,0.8540687160940326,0.008526624904041939,0.9105114263092947,0.005928040711792582,0.9271917187918957,0.015573058127598637,0.06210115996602308,0.006571550915059906,0.03456132093164613,0.0038492130736374804,0.07287522603978298,0.01241331425766953,0.0077090599170309615,4,LABNorm,MaxGreen2.0,CLAHE4.0,Gaussian,-0.022841051314142713,0.00023440317354057408,0.0014696538626602221,-2.0883030582904905,0.03047241256027463,0.00030220140086508986,0.1847794572327846,0.0018737272084914142
LABNorm_Grayscale_CLAHE4.0_Median,138,0.889271311361424,0.008863653288941757,0.8919389978213508,0.019813866931340532,0.6414893617021277,0.049658053096270374,0.8493670886075948,0.014517941654671476,0.9075764700674647,0.009807441727823147,0.9240876490788679,0.00905884659753802,0.06096289319417416,0.005201510340985225,0.034022180703092555,0.0030055994743638874,0.06654611211573233,0.009252120002097599,0.005493749225487305,4,LABNorm,Grayscale,CLAHE4.0,Median,-0.022977796319473387,2.1543881416863603e-05,0.00014999485910951226,-2.544254040370221,0.004265688520538993,3.277177728755707e-05,0.03482467862624135,0.00025071815112781846
HistogramEq_CLAHE4.0_Morpho,139,0.8892319102581931,0.011690562993713896,0.8908496732026144,0.02690825361022263,0.6691489361702128,0.049759241286981684,0.8531645569620252,0.01667840733504162,0.9095011704481015,0.011973599264094152,0.9295516391731674,0.008751313219833919,0.05268144233960367,0.005252577591114014,0.02892362342374185,0.0030191443461413596,0.06329113924050628,0.01398120977063678,0.007245886013203273,3,HistogramEq,nenhum,CLAHE4.0,Morpho,-0.02301719742270425,0.00013578021615292393,0.0011883655891868456,-2.1884849817016288,0.019416570909868123,0.00018030860112686203,0.16280608571859784,0.001556515293354069
HistogramEq_GreenChannel_Median,140,0.8891786028832337,0.0075793886288945825,0.8633986928104574,0.027825557798467897,0.7180851063829787,0.08167583550553917,0.8386980108499096,0.012288288058658989,0.8986778575949161,0.009453833951855607,0.9379300172009785,0.015212926737931608,0.07431758397137897,0.005660933043729342,0.04156686013202214,0.0033792120339058165,0.09095840867992763,0.009906401052775213,0.004697753742421965,3,HistogramEq,GreenChannel,nenhum,Median,-0.023070504797663705,1.0277243716384972e-05,3.225574457935884e-05,-2.7378710654971212,0.002209607399022769,1.6369571016402658e-05,0.009063864226799834,6.287136655298756e-05
HistogramEq_AHE40.0_Morpho,141,0.8890951652528625,0.014467240823313125,0.9089324618736383,0.022983344017257785,0.6212765957446809,0.052644946269207495,0.8600361663652804,0.01637945540617604,0.9149982780424624,0.01108572844640896,0.9215420324046214,0.009247423635557014,0.04650043502782733,0.003850348201955559,0.02531321227145524,0.0021988798453370286,0.04792043399638331,0.007870744338276402,0.00896688876212846,3,HistogramEq,nenhum,AHE40.0,Morpho,-0.023153942428034924,0.0006463617134380982,0.00581229799676147,-1.9101478487534163,0.06334344791693362,0.000776031050624367,0.4144825339014227,0.006617963065619496
Retinex_MaxGreen2.0_AHE40.0_Otsu,142,0.8888633940573867,0.00699905903660354,0.8860566448801743,0.04154122925353912,0.6106382978723404,0.15237502413612236,0.839240506329114,0.014122130791162082,0.9011677825847132,0.01185332203566567,0.9191752805917153,0.02663057239449088,0.03352299313995479,0.0034522014764117558,0.017934406855906148,0.001975902827936908,0.036166365280289284,0.009867815276518905,0.004338061734595594,4,Retinex,MaxGreen2.0,AHE40.0,Otsu,-0.023385713623510718,6.967058867545189e-06,0.000608904512740075,-2.86183478097245,0.0016024235395353935,1.1578204765429144e-05,0.10046924460211237,0.0008518737100378178
HistogramEq_Median,143,0.888763732443332,0.011851199548342187,0.8440087145969499,0.01891511470861259,0.7670212765957447,0.06547332433431458,0.8309222423146474,0.0068329017774289525,0.8922466805558278,0.005700141751316986,0.9468959784813548,0.012961952286680687,0.06384408794221816,0.005246597039916194,0.03559077000676686,0.0030534916189629284,0.08264014466546107,0.012325192124142155,0.007345449581272336,2,HistogramEq,nenhum,nenhum,Median,-0.023485375237565442,0.00012236430611474485,0.002471275089381618,-2.2141556788503585,0.01823228161109698,0.00016477629043554635,0.24712750893816182,0.0029852587739378792
BenGraham_MaxGreen2.0,144,0.888752143883558,0.016007453045853656,0.8753812636165577,0.02891764209672,0.6893617021276596,0.0961771164282884,0.8437613019891501,0.018464927786421507,0.902767956519374,0.012741921610779111,0.9328721250848618,0.01804384996963494,0.058136572599586336,0.0055806671182424645,0.03218902265664847,0.0032410277464814978,0.06962025316455693,0.010167045083443668,0.00992152218796707,2,BenGraham,MaxGreen2.0,nenhum,nenhum,-0.023496963797339343,0.0011954317126595569,0.002730012332761771,-1.8000153033147377,0.09922083215074322,0.0013942661963067854,0.2593511716123682,0.0032635282564199963
LABNorm_GreenChannel_CLAHE4.0_Median,145,0.8886710239651416,0.007684652738246454,0.8962962962962964,0.01910929167522355,0.624468085106383,0.06163483736004806,0.8500904159132008,0.012038867430807206,0.9084031977630319,0.008104453857135863,0.9212164749155283,0.01113256763351435,0.06115048974363171,0.0016752789577658396,0.03408041563090331,0.0009681995284340418,0.07016274864376126,0.010742215508111141,0.00476299711334047,4,LABNorm,GreenChannel,CLAHE4.0,Median,-0.02357808371575576,8.261699887566442e-06,0.0001631775434249003,-2.7824111428267537,0.00183409737503975,1.3419427783476565e-05,0.03720447990087727,0.000269618067440568
LABNorm_Grayscale_Morpho,146,0.888659435405368,0.013892102646267373,0.8814814814814815,0.02495058083253988,0.6797872340425533,0.048737906520648695,0.8471971066907775,0.020657612402885845,0.9053046015956635,0.014031805639150258,0.9308446509957029,0.009381573725116929,0.06572511170517345,0.0073495098862175435,0.03638766332957216,0.004290856678337369,0.07269439421338153,0.013391868910909027,0.008610414426807237,3,LABNorm,Grayscale,nenhum,Morpho,-0.02358967227552944,0.00040280593824312003,0.0014640100834277118,-2.0024598931323525,0.045114265083229445,0.0004991668415728319,0.1847794572327846,0.0018706795510465206
Retinex_GreenChannel_CLAHE4.0_Morpho,147,0.8884995132804896,0.014416697472837518,0.8477124183006536,0.024892385127853207,0.7436170212765958,0.06252608730749275,0.83001808318264,0.01721863394464823,0.8920831066421384,0.012232234268282996,0.9419767485463263,0.012551283806109375,0.06520476114348348,0.008254457753784035,0.036668932283966935,0.004884043397640855,0.08119349005424951,0.014402359110427773,0.008935561668944962,4,Retinex,GreenChannel,CLAHE4.0,Morpho,-0.023749594400407803,0.0005036117613472353,0.0034775163131754512,-1.9641727887282145,0.054390070225501415,0.000618753766612522,0.2971074060561171,0.004064170487959115
LABNorm_Grayscale_Median,148,0.8883581328512493,0.012872540806079878,0.8812636165577341,0.021003856011589828,0.6797872340425533,0.05814954123998921,0.847016274864376,0.012031320023990006,0.9052351108283654,0.008408410113992786,0.9309999925550603,0.010408515800690412,0.07236213485837986,0.0064736923762500126,0.04033247147790734,0.003803817905777792,0.08571428571428567,0.014916646747421256,0.007978483451251761,3,LABNorm,Grayscale,nenhum,Median,-0.02389097482964808,0.0001967473240863474,0.0005274580441486661,-2.1357423677145064,0.027392753553989176,0.00025828701221381227,0.0912010604845559,0.0007507138004591164
Retinex_MaxGreen2.0_CLAHE4.0_Gaussian,149,0.8878598247809762,0.008197598616955242,0.8638344226579522,0.025986982331275128,0.723404255319149,0.07897538103304996,0.8399638336347197,0.013130211519464715,0.899461402513096,0.009836862837025116,0.9389894087592816,0.014810626602108353,0.07045046244518913,0.007354843178566668,0.03946467326107125,0.004472868776582266,0.08571428571428566,0.012476085577331163,0.005080924262791254,4,Retinex,MaxGreen2.0,CLAHE4.0,Gaussian,-0.02438928289992115,7.044636133956952e-06,0.00018296758221112962,-2.79982387400474,0.0016132216746761422,1.1673388406412816e-05,0.040984738415293036,0.00029888170389602136
Retinex,150,0.8878482362212026,0.008691151658349019,0.8442265795206971,0.038499745137804686,0.7712765957446808,0.08335219342938412,0.8318264014466547,0.02252144869471901,0.892482072685737,0.01692996035682152,0.9481661539056541,0.01590742631097859,0.07260848996493471,0.005725218642994794,0.04073657498356792,0.0034290243674407585,0.08788426763110303,0.0163350304385334,0.005386831607145162,1,Retinex,nenhum,nenhum,nenhum,-0.02440087145969483,9.34798859773619e-06,0.00040114518686904085,-2.727258885518604,0.002059424569696026,1.5056284156017673e-05,0.07274544873757421,0.0005839455251891101
Grayscale_CLAHE4.0_Morpho,151,0.8877717517266953,0.009817034324487318,0.8941176470588236,0.035012368695238875,0.6468085106382979,0.0722917371961532,0.8520795660036166,0.020859769618671416,0.9090900956033066,0.014777682944354264,0.925589925599489,0.011898568977089354,0.05530526578535573,0.007407435636078267,0.03080164026817912,0.0044180384505609184,0.060397830018083146,0.010021266999696389,0.006084660913352754,3,nenhum,Grayscale,CLAHE4.0,Morpho,-0.024477355954202085,1.901908790830259e-05,0.0005398900598128274,-2.5734518957760377,0.003822836669568821,2.9162601459397308e-05,0.09210101373192812,0.000764622621656098
Retinex_Grayscale_CLAHE4.0_Morpho,152,0.8876071941779076,0.009423069605447473,0.8457516339869281,0.029513349229914457,0.7425531914893617,0.07862430667753526,0.8282097649186257,0.014641299338747566,0.8907771014721357,0.011353147194668817,0.9419088784264877,0.014632538956752771,0.06481029097135285,0.008073161274131463,0.03639156155961978,0.004780566087078484,0.08318264014466543,0.014984693061670945,0.005840479050689568,4,Retinex,Grayscale,CLAHE4.0,Morpho,-0.024641913502989832,1.3358357452710702e-05,0.0007635618360199206,-2.6467863998345478,0.002759952465300103,2.073236186915404e-05,0.1225239329541933,0.0010554039800756113
Gamma0.8_Grayscale_Morpho,153,0.8876025587539982,0.016437548592165167,0.8727668845315903,0.02135125654628812,0.6861702127659575,0.06788719758537823,0.8410488245931284,0.015958116967122897,0.9010520726550396,0.010646024828741645,0.9316893104247915,0.013307751962271682,0.06550508648268831,0.0077312216990956745,0.03645906408384244,0.004550988135572095,0.07341772151898732,0.006217623608548589,0.010188098169383476,3,Gamma0.8,Grayscale,nenhum,Morpho,-0.024646548926899214,0.0009862397760117651,0.0014430811766714992,-1.8505740284617636,0.0877753400650471,0.0011644514809173818,0.1847794572327846,0.0018480438231316526
LABNorm_CLAHE4.0_Median,154,0.8875538868029482,0.015233738448007851,0.889106753812636,0.02828424141374681,0.6563829787234042,0.06672888299502165,0.8495479204339963,0.014906900489113566,0.907311383500532,0.010979816660830543,0.9270577949483874,0.01163834098910128,0.05922726043949533,0.006411952298661597,0.03311291494588077,0.003907410572852615,0.06853526220614822,0.013355191816060964,0.009441968911896735,3,LABNorm,nenhum,CLAHE4.0,Median,-0.024695220877949176,0.0005457560126334161,0.0014274336897663383,-1.9626925797810637,0.05730438132650869,0.0006662626481193509,0.1847794572327846,0.001836184276545066
MaxGreen2.0_CLAHE4.0_Gaussian,155,0.8875121679877624,0.012143941715594214,0.8949891067538125,0.02965596107380821,0.6351063829787235,0.08024690283253663,0.8508137432188064,0.01720280071468394,0.9085622417952027,0.012309305557082487,0.9233999119666562,0.013527549124082452,0.06016625651966543,0.0059467940059968845,0.03344340307576975,0.0035359862530919823,0.06564195298372512,0.010476807797187206,0.007526893056347648,3,nenhum,MaxGreen2.0,CLAHE4.0,Gaussian,-0.02473693969313495,8.623376276385882e-05,0.0011415381520845354,-2.2965793515759065,0.013279999465634258,0.00011749861040099247,0.1586738031397504,0.0015020238843217572
BenGraham_AHE40.0_Median,156,0.8875098502758079,0.014170686454623035,0.8324618736383442,0.03120956750766666,0.7617021276595745,0.06426173781602437,0.8204339963833635,0.01968124581582002,0.8847493520803846,0.014735786063325247,0.9450474110044841,0.012727026083493359,0.06192256208496444,0.00894234193539947,0.03436064905006015,0.005135694530263008,0.07432188065099454,0.011419322627265617,0.008783082460122195,3,BenGraham,nenhum,AHE40.0,Median,-0.024739257405089532,0.000303424877496504,0.0013703716543066557,-2.0710793986942733,0.037211034548104545,0.0003842936223799335,0.18088905836847854,0.0017746930207800159
Retinex_GreenChannel_Morpho,157,0.8872618550966486,0.009369946310317914,0.8407407407407408,0.03761562675580869,0.7712765957446809,0.07374693029462913,0.8289330922242314,0.021314644642013793,0.8904366163324147,0.016534476482241954,0.947894918235652,0.0142432410224795,0.06117595808859903,0.006620234100050896,0.03396952614145411,0.003786258043778397,0.07233273056057861,0.014862963238020452,0.005807552891242712,3,Retinex,GreenChannel,nenhum,Morpho,-0.02498725258424883,1.0863107804742544e-05,0.0002588391337138181,-2.6916409011132507,0.002313841962410162,1.7202231737498368e-05,0.05202666587647743,0.00039609319915383777
Retinex_CLAHE4.0_Morpho,158,0.8871598757706393,0.010287840419410528,0.9026143790849673,0.020618663945836856,0.6170212765957447,0.08956972298095808,0.8540687160940326,0.009378880636448404,0.91120304381346,0.006241075308632598,0.9205475233164411,0.01558146592571913,0.06679197544313485,0.0051207632207992205,0.03771273866252821,0.003064065187220454,0.07866184448462928,0.00540818518533043,0.006376469554217124,3,Retinex,nenhum,CLAHE4.0,Morpho,-0.025089231910258136,1.9818793004193804e-05,0.0005796534965843376,-2.5713800907950244,0.003963758600838761,3.0307994620775098e-05,0.09680213392958438,0.0008149162849290809
BenGraham_CLAHE4.0_Median,159,0.887152922634775,0.009020856297293448,0.828322440087146,0.02622033497311802,0.7553191489361702,0.06690766760323834,0.8159132007233273,0.014411186017860024,0.8817547147871416,0.011395214784350516,0.943433980648161,0.01386183135623488,0.0604789994508849,0.008634695170548311,0.0336913457500702,0.005055377278321762,0.06726943942133809,0.009823531663635149,0.0055911846595259815,3,BenGraham,nenhum,CLAHE4.0,Median,-0.025096185046122432,8.135341980502589e-06,0.00028942162943837094,-2.755174760689593,0.0018141812616520774,1.325161937333991e-05,0.05556895285216722,0.00043337874199756067
LABNorm_GreenChannel_Morpho,160,0.8871297455152274,0.01539266497409882,0.8627450980392156,0.027055825722871678,0.7170212765957447,0.05520993037171227,0.8379746835443038,0.017138261550317967,0.89818510038009,0.012457527528646302,0.9373393205040014,0.01026544454016658,0.0659518029389724,0.006972510737336001,0.036673805233159704,0.004120104045720286,0.07504520795660033,0.016775069379235383,0.0095404725932976,3,LABNorm,GreenChannel,nenhum,Morpho,-0.02511936216567001,0.0005098862581266857,0.0005639137972029755,-1.981231846624734,0.05455782961955537,0.0006251270755284526,0.09530143172730286,0.0007966841115275452
HistogramEq_Grayscale_AHE40.0_Morpho,161,0.8867542761785566,0.015490665580744417,0.8875816993464053,0.026568009857137486,0.6542553191489361,0.0780544705782097,0.8479204339963834,0.011733184952989764,0.9062921070094712,0.009139763187782167,0.9266456150177179,0.014181461437890366,0.055134193757584514,0.005905074795720592,0.03028817769989737,0.0033671324611352443,0.06329113924050626,0.00945412124253052,0.00960121399859695,4,HistogramEq,Grayscale,AHE40.0,Morpho,-0.025494831502340776,0.00047055655670035315,0.0028078601555038486,-2.0014473363307674,0.051290664680338494,0.0005793790580357667,0.2639388546173618,0.0033496257041799025
BenGraham_GreenChannel_CLAHE4.0_Gaussian,162,0.8866407082927734,0.008494202636327578,0.8531590413943355,0.020977474771103316,0.7159574468085106,0.05740958429736898,0.8298372513562388,0.013677762547082166,0.8926415838928461,0.009704969144177887,0.936427792817842,0.011340659155826698,0.06740965987456395,0.006875753450349471,0.03754004191029105,0.004156881128535225,0.08173598553345385,0.012551575729784555,0.005264761338609203,4,BenGraham,GreenChannel,CLAHE4.0,Gaussian,-0.02560839938812398,4.51175076275143e-06,0.0004521380488196715,-2.8929663437566124,0.0010783084322975916,7.698091064041758e-06,0.08002843464108185,0.0006515773886499025
LABNorm_MaxGreen2.0_Unsharp1.5,163,0.8865155518472164,0.008237785767382223,0.8400871459694988,0.040462703546758585,0.7755319148936171,0.05639301396041942,0.8291139240506329,0.02578923624506496,0.890375639988141,0.019894834105388486,0.9485932063454507,0.010422618185159986,0.0685858842231198,0.006706764315621848,0.03837491774260175,0.0038354841481414636,0.07667269439421334,0.00950012697038967,0.005105832516683383,3,LABNorm,MaxGreen2.0,nenhum,Unsharp1.5,-0.025733555833680977,3.6477116226186477e-06,5.406874654259848e-05,-2.947735301146882,0.0009082801940320433,6.414171813473157e-06,0.014328217833788598,9.996633203213547e-05
Gamma0.8_MaxGreen2.0_CLAHE4.0,164,0.8864831038798497,0.00847362309089431,0.8254901960784313,0.03901952066463189,0.7787234042553192,0.05992802886319887,0.8175406871609404,0.023538256775011215,0.8820603350463531,0.01846297450914567,0.9485273201859211,0.011910762600341634,0.06203471751374118,0.005700199820255173,0.03421890637524322,0.0033196422898502057,0.06962025316455692,0.011508066963253029,0.005252006004200314,3,Gamma0.8,MaxGreen2.0,CLAHE4.0,nenhum,-0.025766003801047654,4.119141161900395e-06,2.666677067975002e-07,-2.914019141800317,0.0010050704435036963,7.117170569301406e-06,0.00010853375666658258,9.073013692814355e-07
Grayscale_CLAHE4.0_Median,165,0.8863811245538404,0.013473055381253686,0.8786492374727668,0.019022157332406087,0.6861702127659575,0.04842730597073636,0.8459312839059674,0.014027909061158661,0.9043846019704593,0.009592458703482751,0.9319831557306328,0.009155597811044797,0.06322224677713544,0.006102113511147068,0.0353577246071254,0.003544665487912543,0.06889692585895113,0.010209838868162135,0.008350686241084579,3,nenhum,Grayscale,CLAHE4.0,Median,-0.02586798312705696,0.00012964755744730702,0.0008260754542839715,-2.2426767151232543,0.018935592966855187,0.0001725632998430591,0.1305199217768675,0.001136347813907377
Gamma0.8_CLAHE4.0_Unsharp1.5,166,0.8863788068418857,0.013470974196430676,0.9226579520697168,0.024460667818590083,0.5329787234042553,0.06566510366813176,0.8564195298372514,0.015906806394257452,0.914176163413777,0.010541102740138836,0.9063219121978886,0.010979582297196278,0.05271675720206846,0.007663690591346782,0.02901004456406257,0.004521382411330152,0.05804701627486432,0.00973622616190191,0.008349396309367171,3,Gamma0.8,nenhum,CLAHE4.0,Unsharp1.5,-0.02587030083901165,0.00012936035650944322,0.0008409620597427994,-2.2431140256056272,0.018935592966855187,0.0001725632998430591,0.1311900813198767,0.001151317105600261
Retinex_GreenChannel_AHE40.0,167,0.886318546331062,0.011810037916920419,0.8699346405228757,0.02742464721978181,0.6925531914893617,0.050760030091565496,0.8397830018083182,0.018386051185819253,0.8999507106523034,0.012982866542617764,0.9327302211427059,0.009501087103288073,0.0565758122983427,0.009763277076417876,0.03161790560098277,0.005776925938068777,0.07016274864376126,0.01924724291040744,0.007319937337802112,3,Retinex,GreenChannel,AHE40.0,nenhum,-0.0259305613498354,4.096782597848089e-05,1.2554125272003678e-05,-2.44999103502081,0.0074151765021050415,5.9636708702851934e-05,0.0038978175851196845,2.693515683358998e-05
Retinex_Grayscale_AHE40.0_Morpho,168,0.8861539887822742,0.015037392641613977,0.8816993464052288,0.030674370320702124,0.6446808510638298,0.09438221556820225,0.8414104882459312,0.01702873038518235,0.9020537646911949,0.01209653257894806,0.9244236193426302,0.01728327254812097,0.05831667305768843,0.00625727060304521,0.03259730759671897,0.003635171014507165,0.06925858951175404,0.009570619203086595,0.009320272520280224,4,Retinex,Grayscale,AHE40.0,Morpho,-0.02609511889862315,0.0003000889882911657,0.001514288937390096,-2.0936957383386874,0.037211034548104545,0.00038156274192896857,0.1862575392989818,0.0019221106821176715
HistogramEq_Grayscale,169,0.8860473740323552,0.011746078412969738,0.8315904139433551,0.04515466258196581,0.7797872340425532,0.0839235174599945,0.8227848101265822,0.02575751732275044,0.8856719615735542,0.0203204681236459,0.9494879079848021,0.016206098456959975,0.061303605600712484,0.006719739360038899,0.03403145516751104,0.003863656498114264,0.07396021699819166,0.013914784158667363,0.007280294826544369,2,HistogramEq,Grayscale,nenhum,nenhum,-0.02620173364854217,3.481100645778509e-05,0.0014355889427246286,-2.483978448738165,0.006648902233436952,5.199046419019851e-05,0.1847794572327846,0.0018425527724702264
Gamma0.8_MaxGreen2.0_CLAHE4.0_Median,170,0.8858944050433412,0.00875716109406489,0.859912854030501,0.03908164509655562,0.7042553191489362,0.06817370122381798,0.8334538878842676,0.02321183883857208,0.8951291316666209,0.01708876888987858,0.9347089203097447,0.011550559321258458,0.07002925052598322,0.004111571004605561,0.03899352155155376,0.0024256985058821027,0.07233273056057864,0.008264803617120018,0.005427744679274389,4,Gamma0.8,MaxGreen2.0,CLAHE4.0,Median,-0.026354702637556238,3.6755119580087106e-06,0.00013512626033592817,-2.9350978195750885,0.0009115269655861603,6.443351755655514e-06,0.03197633711406234,0.00022852235203870205
HistogramEq_MaxGreen2.0_CLAHE4.0_Gaussian,171,0.8858457330922913,0.015400951493516793,0.8753812636165577,0.027611508208463087,0.6595744680851064,0.08086350532618,0.8386980108499096,0.015148675917974468,0.8999304625047655,0.010995284543525418,0.9267381303899942,0.014685533474973724,0.0638502246424353,0.003676503448932004,0.03580198584919758,0.0022063088667964377,0.07287522603978297,0.010476807797187205,0.009545608631243856,4,HistogramEq,MaxGreen2.0,CLAHE4.0,Gaussian,-0.026403374588606088,0.00032819891680836347,8.920517250726346e-05,-2.081679419343184,0.03872747218338689,0.0004120401248139934,0.022747318989352183,0.00015979119685880527
Retinex_Grayscale_AHE40.0_Otsu,172,0.8858457330922913,0.013794136159302708,0.8065359477124183,0.0727072842861515,0.7531914893617021,0.17629499583670705,0.7974683544303798,0.03624664587913901,0.8672020380911528,0.03025233848232968,0.9443642470999165,0.03180811489136642,0.04259525824624466,0.0071683147729687865,0.02319411321858078,0.004099325834620535,0.04755877034358042,0.007815152746648795,0.008549694169105225,4,Retinex,Grayscale,AHE40.0,Otsu,-0.026403374588606088,0.00012919127027464087,0.0013503775505834474,-2.2523392943689764,0.018935592966855187,0.0001725632998430591,0.1796002142275985,0.0017527473850688087
Gamma0.8_Grayscale_CLAHE4.0_Median,173,0.8857576600380105,0.012807862809092492,0.8904139433551199,0.02721228930131608,0.6446808510638298,0.054522357712858335,0.8486437613019892,0.019570166502547757,0.9069424089907863,0.013460927502655191,0.9246325599783667,0.009675201224574879,0.06324922334609993,0.005348617652455636,0.03542044662271211,0.0031401008176880464,0.06943942133815548,0.011186267109981489,0.007938395613396144,4,Gamma0.8,Grayscale,CLAHE4.0,Median,-0.02649144764288691,6.537695955062521e-05,0.00012029401334484426,-2.376110584335022,0.010852575285403785,9.168719936977926e-05,0.029351739256141998,0.00020834053516049833
Retinex_Grayscale_CLAHE4.0,174,0.8857483891901914,0.009182308519592144,0.8185185185185185,0.03591725711209162,0.8074468085106383,0.06993102006999312,0.816636528028933,0.020283997311919735,0.8807423424821819,0.0160328249790735,0.9546797693466912,0.013645229544032312,0.062081555872650795,0.006491760447879245,0.034801974807074545,0.0038642943861265477,0.07558770343580465,0.01575994294863026,0.005691253783654883,3,Retinex,Grayscale,CLAHE4.0,nenhum,-0.02650071849070601,4.5558906512770365e-06,0.00012906689650555206,-2.8839441881802244,0.0010843019750039348,7.75040569374052e-06,0.03090504630215466,0.0002202179984887016
LABNorm_AHE40.0_Morpho,175,0.8857368006304176,0.012658446943409382,0.9137254901960784,0.01941050268384962,0.6202127659574468,0.06520388564251484,0.8638336347197108,0.0108850145369579,0.9175618063951664,0.007291979181161008,0.9218237395625966,0.011265838879076808,0.05019222853466685,0.0045299094036166465,0.027555482124547392,0.0026160853301101404,0.05551537070524406,0.009417540654560281,0.007845786700387757,3,LABNorm,nenhum,AHE40.0,Morpho,-0.0265123070504798,5.849003396444815e-05,0.001491810693611008,-2.3963915403778167,0.010032295666000005,8.304140624582144e-05,0.184984526007765,0.0018977680283768354
Gamma0.8_CLAHE4.0_Morpho,176,0.8855003940110324,0.012144971839811194,0.9019607843137255,0.026643335261937774,0.6382978723404256,0.049136193122521356,0.8571428571428571,0.015625655692363738,0.9127327484827765,0.011039867708303432,0.9243316433195249,0.007964271652078164,0.05928630067752575,0.005303075103381517,0.03305756261901519,0.0030460213084717615,0.06057866184448459,0.007540684751776269,0.007527531533952163,3,Gamma0.8,nenhum,CLAHE4.0,Morpho,-0.026748713669864976,3.6880346875517235e-05,0.00034310482586036637,-2.4832187208568053,0.00696011541338597,5.4655153230470126e-05,0.06416060243588852,0.0005071600896393591
Retinex_Grayscale_AHE40.0_Gaussian,177,0.885392620405136,0.01469333317658415,0.8716775599128541,0.030612412263191814,0.652127659574468,0.12805788924088646,0.8343580470162749,0.01747417319268308,0.8971566264793782,0.011728665275201333,0.9255110981186073,0.02348058122283958,0.06004322195678282,0.011427527962165234,0.033544505177719244,0.006757731757945542,0.06636528028933088,0.015250269817773747,0.009107022254513696,4,Retinex,Grayscale,AHE40.0,Gaussian,-0.026856487275761398,0.00018845536368452715,0.002548257258008742,-2.191155905316523,0.02657220627951833,0.00024910766464046694,0.25009355624520024,0.003065372224592106
Grayscale_Morpho,178,0.8853845084132944,0.012526674102985311,0.8790849673202615,0.02914381653714025,0.675531914893617,0.03956722270287482,0.8444846292947558,0.01993711321102015,0.9034801878773473,0.013991454435168497,0.9298714988744601,0.006610677049740459,0.06631298401756847,0.007273612781744758,0.03683270071812206,0.004308300483830708,0.07160940325497284,0.011218700541658203,0.007764113047727722,2,nenhum,Grayscale,nenhum,Morpho,-0.026864599267602984,4.621566733144664e-05,0.00024267085672578876,-2.4448634301217664,0.008087741783003161,6.626934841790977e-05,0.05023286734223827,0.00037814564394939986
HistogramEq_GreenChannel_AHE40.0,179,0.885331201038335,0.01485999131493546,0.8276688453159041,0.024615415700964996,0.7755319148936171,0.08649138989011848,0.8188065099457505,0.010876666491756446,0.8833641469206321,0.008625257689906513,0.9480815735052797,0.017771923512241775,0.059458093325248276,0.00751880063335237,0.03295279905490304,0.004400850237465085,0.07504520795660033,0.01604440223532993,0.009210318038841241,3,HistogramEq,GreenChannel,AHE40.0,nenhum,-0.02691790664256244,0.00020310017855177764,0.001396970290729023,-2.178384716506561,0.027824724461593536,0.00026601959605301173,0.18300310808550202,0.0018050739711667151
Retinex_MaxGreen2.0_Gaussian,180,0.8852083623047328,0.009192200021512126,0.8673202614379084,0.023021174820852742,0.696808510638298,0.0636818616881843,0.8383363471971066,0.015158266723568342,0.8989376606378865,0.010707470311546922,0.9334720341479498,0.011594919543214434,0.08186332315797011,0.0037434201376088687,0.04608271353307711,0.0022270438522719355,0.09638336347197102,0.007907588281426198,0.005697384600062109,3,Retinex,MaxGreen2.0,nenhum,Gaussian,-0.027040745376164632,3.53673210384731e-06,0.00020995649895766934,-2.9411304397844575,0.0008972746523690651,6.296040122947998e-06,0.046141748326571995,0.0003381652294136131
Retinex_Grayscale,181,0.8851666434895471,0.008948157288130271,0.8132897603485839,0.02443478122400034,0.8265957446808511,0.07110791231928218,0.8155515370705244,0.010916678888652737,0.8796548447861909,0.009123999204482177,0.9587502794160375,0.015359183838005474,0.06198683338347026,0.009577044864966149,0.034443129764175365,0.005606468779251582,0.07830018083182637,0.017028730385182368,0.005546125346817736,2,Retinex,Grayscale,nenhum,nenhum,-0.027082464191350297,2.927761785083961e-06,9.679764174379351e-05,-2.985010404118179,0.000755362540551662,5.293908888123515e-06,0.024296208077692172,0.0001712573661620962
LABNorm_Grayscale_CLAHE4.0_Morpho,182,0.885043804755945,0.01206505779777989,0.889106753812636,0.03347613480131764,0.6351063829787235,0.09138346722238892,0.8459312839059674,0.01700203873206967,0.9052427887372495,0.012453893199845861,0.9231293019261047,0.015658829119778377,0.05450194605895785,0.0073979033626725196,0.03023927650413158,0.004313432500746715,0.0625678119349005,0.01583813371902592,0.00747800029754169,4,LABNorm,Grayscale,CLAHE4.0,Morpho,-0.02720530292495238,2.8755589182823947e-05,0.00027836535038565,-2.53620056355929,0.005578584301467846,4.328393659718264e-05,0.0540028779748161,0.00041900543578991817
AHE40.0_Morpho,183,0.8850298984842164,0.013537070390184359,0.916557734204793,0.01746093696167306,0.6127659574468085,0.06146117459090296,0.8649186256781194,0.009532580025519922,0.9184110888925654,0.006372399440389055,0.9206013656925516,0.010524908925701706,0.049947657215510886,0.0046101600962001775,0.027407846669755133,0.002664639564138157,0.05497287522603973,0.0071422848673169895,0.00839036315468534,2,nenhum,nenhum,AHE40.0,Morpho,-0.02721920919668097,8.028704109284636e-05,0.0018391954768728484,-2.3521939463115378,0.012685352492669725,0.00011028662565456286,0.20329214281796418,0.0022693935605190723
LABNorm_CLAHE4.0_Unsharp1.5,184,0.884976591109257,0.013455221417579181,0.9139433551198257,0.02322189826480677,0.548936170212766,0.11271911244302883,0.8518987341772153,0.010898358108669595,0.911022209984227,0.006967050151387732,0.9089170014966598,0.018908915642794302,0.052509951711588856,0.007100907741701658,0.028880950590851738,0.004091150847117423,0.062386980108499045,0.009031539520055294,0.008339632635880232,3,LABNorm,nenhum,CLAHE4.0,Unsharp1.5,-0.027272516571640426,7.451010802508618e-05,0.0009827828505470661,-2.366582156668067,0.011996127392038876,0.00010323689666126398,0.1438624679022491,0.0013141863699175885
HistogramEq_Grayscale_CLAHE4.0_Median,185,0.8849209660223428,0.013312729797798966,0.9126361655773421,0.019335639837150274,0.5957446808510638,0.07197795436235618,0.8587703435804702,0.011096586384564155,0.9146739468710061,0.007332107440437385,0.9171344649047188,0.01227243385499918,0.06344039558212694,0.006295688908661286,0.03527118045692352,0.0036395903436546757,0.08209764918625675,0.01293365497969027,0.008251315414945764,4,HistogramEq,Grayscale,CLAHE4.0,Median,-0.027328141658554572,6.628091525033736e-05,0.0018512842732435967,-2.388621871401424,0.010936351016305664,9.272877437699266e-05,0.20329214281796418,0.002279418537719632
Gamma0.8_AHE40.0,186,0.8848862003430213,0.015363674355558013,0.9028322440087146,0.014819086060345352,0.5925531914893617,0.0630468132336646,0.8500904159132008,0.007879971474315132,0.9090440476852303,0.005178826151870773,0.9156426021248463,0.011292840104253294,0.057534691390520074,0.0059994804026729815,0.03187283994367751,0.003510003478090109,0.06690777576853521,0.010335399758578816,0.009522504021765852,2,Gamma0.8,nenhum,AHE40.0,nenhum,-0.027362907337876052,0.00023140502959013997,0.0012485879734958761,-2.161185322949813,0.030324162506354706,0.00029900649890860783,0.16855937642194327,0.001627977516462877
Gamma0.8_Grayscale_AHE40.0_Gaussian,187,0.8847448199137812,0.015423679122784879,0.881045751633987,0.024674264662985543,0.6585106382978723,0.10737715130840214,0.8432188065099459,0.011627422379160403,0.9031045513882672,0.007996093553696354,0.9272289340317867,0.01927685338545003,0.057663132022985765,0.00799821988206847,0.0321431872730564,0.004710274098071818,0.06292947558770338,0.008473192714071414,0.009559695361807256,4,Gamma0.8,Grayscale,AHE40.0,Gaussian,-0.02750428776711622,0.00022800122185229102,0.002427467940018544,-2.166120039809384,0.030324162506354706,0.0002959383805080527,0.24517426194187295,0.0029385138221277108
BenGraham_MaxGreen2.0_Morpho,188,0.8847262782181431,0.013572204927871194,0.9047930283224401,0.017967069572519177,0.625531914893617,0.0736701594250944,0.8573236889692586,0.011825719390536437,0.9132087004185646,0.007579153651999106,0.9221777552701225,0.013327700702229781,0.05970496816829403,0.007809033412271135,0.03318567152043714,0.004726478818556864,0.07124773960216994,0.013321141503615465,0.008412139766756315,3,BenGraham,MaxGreen2.0,nenhum,Morpho,-0.027522829462754306,7.321538293512248e-05,0.0003095745664174748,-2.3742136587538427,0.011860892035489842,0.00010168803185433677,0.05881916761932021,0.00046061511451954944
CLAHE4.0_Unsharp1.5,189,0.8846521114355909,0.012865186468768374,0.9159041394335512,0.02469562951646705,0.5329787234042553,0.11733784817849782,0.8508137432188064,0.010958203111933584,0.9105934689168137,0.007095157577316326,0.906220371919639,0.019467360882416854,0.05249549828749968,0.007977899907442404,0.02886859205888745,0.0046003258824738776,0.05931283905967446,0.010363485135786606,0.007973925185761002,2,nenhum,nenhum,CLAHE4.0,Unsharp1.5,-0.027596996245306538,4.377898142127008e-05,0.0008866190859382863,-2.4679769817305925,0.007836437674407344,6.340784462778412e-05,0.1365022531272123,0.0012052150695378596
Grayscale_Median,190,0.8845478143976268,0.012956311803342226,0.8867102396514162,0.02195528897288446,0.6531914893617021,0.059801997117256145,0.847016274864376,0.01424381481638766,0.9057570138399467,0.0096111481372612,0.9260794701726649,0.010930485857834479,0.07148825521224791,0.009168437670485167,0.03987573144596581,0.005373609531746082,0.07848101265822781,0.0098383150153602,0.008030405253281461,2,nenhum,Grayscale,nenhum,Median,-0.027701293283270645,4.481028547536923e-05,0.00016059710921587686,-2.465731156254658,0.007931420529140353,6.457622593568248e-05,0.0367767380104358,0.0002661191291041187
Retinex_GreenChannel_CLAHE4.0,191,0.8844597413433458,0.008455449253160463,0.8028322440087147,0.048621259960117624,0.8265957446808511,0.07003882746195755,0.8068716094032549,0.029030877554058924,0.8727205051075912,0.023432508213404864,0.958551017011364,0.013887418944835769,0.06140173302263938,0.007181785674442561,0.034371663589356734,0.004161565224770771,0.07974683544303796,0.010628304171617205,0.0052407417428715205,3,Retinex,GreenChannel,CLAHE4.0,nenhum,-0.02778936633755158,1.5127564835420341e-06,0.0003057274549120843,-3.1459488787475607,0.0004160080329740594,2.887562210760601e-06,0.0583939438882081,0.0004566059391544116
Retinex_GreenChannel_AHE40.0_Gaussian,192,0.884380939136884,0.012615069816460982,0.8627450980392156,0.028719999903101236,0.6872340425531915,0.09969522491237208,0.8329113924050633,0.011756386844253093,0.8953669401256349,0.009082300367018566,0.9317008687081113,0.018602032669500085,0.057466489434763304,0.011109178949264662,0.03185904423772171,0.006522535261919132,0.06329113924050629,0.016129099650704817,0.007818901278563559,4,Retinex,GreenChannel,AHE40.0,Gaussian,-0.027868168544013416,3.284440368432429e-05,0.00088637826705982,-2.5246043628242476,0.006306125507390264,4.9181073225225175e-05,0.1365022531272123,0.0012052150695378596
BenGraham_MaxGreen2.0_AHE40.0_Median,193,0.88427664209892,0.014677321557016844,0.8549019607843137,0.028760370506242267,0.7159574468085107,0.05212886571673545,0.8312839059674502,0.018043959873628355,0.8935387113177906,0.013114653543770482,0.9365596434102497,0.009288569320883358,0.06154964322999297,0.010035156507162347,0.0341396794073545,0.005871849007794654,0.08300180831826398,0.016973164600733927,0.00909709814988898,4,BenGraham,MaxGreen2.0,AHE40.0,Median,-0.027972465581977413,0.00012556340925997826,0.0029419747728409076,-2.283994021020371,0.018583384570476782,0.00016868915963665304,0.2688434769021233,0.003473584177378895
Retinex_MaxGreen2.0_AHE40.0_Gaussian,194,0.8842604181152366,0.010280927450781316,0.8749455337690633,0.018463614910176528,0.674468085106383,0.07305308812379059,0.8408679927667269,0.007576736039768855,0.901205280202644,0.005492648607310645,0.9295824438060132,0.013189177647396544,0.05482424264074642,0.008479142591075364,0.0304322913801433,0.0050740300912949605,0.06582278481012653,0.016903450508818422,0.006372184851869849,4,Retinex,MaxGreen2.0,AHE40.0,Gaussian,-0.027988689565660807,5.149388646769772e-06,0.00012433021792690677,-2.869615444762716,0.0012152557206376662,8.708524917331232e-06,0.030212242956238346,0.00021468431023414833
Retinex_Median,195,0.8842349232837343,0.009828931550447513,0.8860566448801743,0.021980496661044353,0.6893617021276596,0.05182645647218471,0.852622061482821,0.015561580040296057,0.9088232043159584,0.010582583051146028,0.9331856362109278,0.009597742520784614,0.07359927782422011,0.005433793674495856,0.04134098398381459,0.0031822190459968045,0.08119349005424951,0.009079686673414347,0.006092034890399646,2,Retinex,nenhum,nenhum,Median,-0.028014184397163078,3.579836440485902e-06,7.89139848811712e-05,-2.943399463007274,0.0009021187830024473,6.353104794072203e-06,0.02035980809934217,0.00014269038146752654
HistogramEq_GreenChannel_AHE40.0_Median,196,0.8841885690446392,0.014637434367810136,0.8986928104575164,0.021451060984374656,0.6276595744680851,0.0716276945983126,0.852622061482821,0.010238268686837257,0.9100115615281356,0.007290328160838029,0.9221643185916731,0.01294548322988264,0.059730503426616476,0.008436348900268714,0.03313010391285584,0.0050141308817943,0.0707052441229656,0.013463574131484411,0.009072375813887344,4,HistogramEq,GreenChannel,AHE40.0,Median,-0.028060538636258237,0.00011878586244819604,0.002317793555990551,-2.295663691513708,0.017817879367229405,0.00016033303029979514,0.23789459808139907,0.0028116693980898035
HistogramEq_AHE40.0,197,0.8841816159087749,0.009836547507186435,0.9126361655773421,0.020857714163672183,0.5404255319148936,0.09121129881289518,0.849367088607595,0.012236435385126287,0.9095197188368506,0.007765169478745416,0.9069509372635173,0.01526814568718061,0.056776110277179395,0.0054979001576211314,0.031200469591934295,0.0031874657218692805,0.06329113924050629,0.012701210069744116,0.006096755309291482,2,HistogramEq,nenhum,AHE40.0,nenhum,-0.028067491772122533,3.5134046546508206e-06,0.00016438240807792524,-2.9477821762084098,0.0008959181869359592,6.293481858019383e-06,0.03731480663368903,0.00027083061502810034
HistogramEq_MaxGreen2.0_AHE40.0_Median,198,0.8840402354795346,0.011411257156437883,0.9021786492374728,0.017861085605970082,0.6287234042553191,0.049251221433947986,0.8556962025316455,0.010843210040635968,0.9120509103574566,0.00738120604733072,0.9224355007593481,0.008510893440708062,0.05921720487651637,0.006492522875226523,0.0325978345711896,0.003793234640866907,0.06690777576853521,0.012899900276692432,0.0070727704617270515,4,HistogramEq,MaxGreen2.0,AHE40.0,Median,-0.02820887220136281,1.14303298230965e-05,7.322083020830681e-05,-2.722101948582965,0.0023889389330271683,1.7908554899946832e-05,0.019037415854159773,0.00013323410560055828
Gamma0.8_MaxGreen2.0_Unsharp1.5,199,0.8839846103926204,0.01014556887616797,0.8697167755991286,0.04041836370295098,0.6936170212765957,0.11822931156091283,0.8397830018083182,0.02328607190379473,0.8997606992332454,0.017062690486318106,0.9338167534788928,0.021905185279931686,0.06629479608280019,0.007333793691705878,0.03697315820961136,0.004267931980870135,0.07323688969258586,0.008363132565106474,0.006288288738133894,3,Gamma0.8,MaxGreen2.0,nenhum,Unsharp1.5,-0.028264497288276957,4.084931611952866e-06,0.00027066125267690805,-2.9191820936912762,0.0010008082449284523,7.096180292667365e-06,0.05304960552467398,0.0004095532112874267
Gamma0.8_Grayscale_CLAHE4.0_Unsharp1.5,200,0.8839591155611182,0.013612734561731227,0.8544662309368192,0.027934327537820693,0.7414893617021276,0.048114700405916984,0.8352622061482821,0.019890587591139316,0.8957449131540004,0.014182589330305981,0.9418601139272,0.00959291051425662,0.052230835799103315,0.00679449214983115,0.02867966784862807,0.0038308987513831607,0.06473779385171786,0.01610204494954938,0.008437260294079471,4,Gamma0.8,Grayscale,CLAHE4.0,Unsharp1.5,-0.028289992119779228,5.6341747359858924e-05,0.0008690133892750075,-2.435404948281034,0.009747122293255594,8.038834921071682e-05,0.13469707533762615,0.001186894771575129
LABNorm_MaxGreen2.0_CLAHE4.0_Median,201,0.8838154174199231,0.008355296770281203,0.8381263616557734,0.035961280568449244,0.7446808510638298,0.06596125970829173,0.822242314647378,0.019402355193365185,0.886360635071927,0.015352109221269148,0.9418651561075585,0.012316858142059238,0.06618269681556309,0.0046570618925220394,0.03672186313530674,0.002756310978087043,0.07124773960216993,0.008490327600558909,0.005178666590864503,4,LABNorm,MaxGreen2.0,CLAHE4.0,Median,-0.02843369026097431,1.0460042094096772e-06,3.312341443567758e-05,-3.236396233776307,0.00030124921230998704,2.0873786216759246e-06,0.009274556041989722,6.434447060984664e-05
Retinex_GreenChannel_CLAHE4.0_Median,202,0.883806146572104,0.008134167785963833,0.8468409586056644,0.03734263827657053,0.7468085106382979,0.07401075374862165,0.8298372513562388,0.019927087461440146,0.8916570368264306,0.015612214097349138,0.9430024280609942,0.014352937458292381,0.06531990709759025,0.008645171806520514,0.03651136983285558,0.005082802776410612,0.08372513562386977,0.011658628614504745,0.005041609426428484,4,Retinex,GreenChannel,CLAHE4.0,Median,-0.028442961108793408,9.165790625334344e-07,0.00021120183168999942,-3.2763766334826774,0.0002648913490721625,1.8363517803370201e-06,0.046141748326571995,0.0003392208190551667
Gamma0.8_MaxGreen2.0_AHE40.0_Gaussian,203,0.8836995318221852,0.011422453556576364,0.8932461873638344,0.024819182992934057,0.672340425531915,0.0862511658966431,0.8556962025316455,0.015527688233236622,0.9112103174845967,0.010478155736464392,0.9306045628820868,0.01576795764346896,0.05044200269766562,0.005066755140676217,0.02772057487516048,0.002957925543273971,0.05587703435804696,0.01031604670774999,0.007079710062429368,4,Gamma0.8,MaxGreen2.0,AHE40.0,Gaussian,-0.028549575858712206,9.976414279683586e-06,0.0007610182171067907,-2.753341011215767,0.0021549054844116544,1.5934550585605726e-05,0.1225239329541933,0.0010544228309310956
LABNorm_GreenChannel_AHE40.0_Gaussian,204,0.8836323181754973,0.011956233115585298,0.8721132897603485,0.0316891752480893,0.6691489361702128,0.08353303369279506,0.8376130198915008,0.017507409881189206,0.898921773611803,0.012756172129840176,0.928502532705447,0.01533992899461461,0.05945264710522623,0.00671602432497057,0.03308926472564589,0.003936476242435101,0.06075949367088603,0.010129452218251954,0.007410550060711431,4,LABNorm,GreenChannel,AHE40.0,Gaussian,-0.028616789505400142,1.4760030773365722e-05,0.00024966632912487395,-2.683068174580989,0.0029962862469932417,2.2753398645268872e-05,0.05093193114147428,0.00038590897646989926
BenGraham_Grayscale_CLAHE4.0_Morpho,205,0.8834469012191164,0.01043470885330894,0.8908496732026144,0.027946596614817854,0.6095744680851064,0.10650701988339754,0.8430379746835444,0.010186681217252629,0.9039198923405886,0.00792998879569583,0.9184422584982285,0.01853286262290752,0.05131057375710375,0.0037148192604459854,0.02806238577908001,0.002147062902840508,0.06057866184448459,0.010587201971217777,0.006467499552647293,4,BenGraham,Grayscale,CLAHE4.0,Morpho,-0.028802206461781,4.040506706345704e-06,0.0005899178288787505,-2.928607200813584,0.000993964649761043,7.040276836814484e-06,0.09792635959387258,0.0008273237844031256
BenGraham_MaxGreen2.0_Unsharp1.5,206,0.8834237240995689,0.00964917424162876,0.9093681917211329,0.019920051330130667,0.5808510638297872,0.06386917618394003,0.8535262206148282,0.013039968446524395,0.9114824493234188,0.008749986312856886,0.9139755952683137,0.010827943496876404,0.05334787439344422,0.006863011825950173,0.02916494316150528,0.003909755188607833,0.06745027124773956,0.00873708659634154,0.005980620156101459,3,BenGraham,MaxGreen2.0,nenhum,Unsharp1.5,-0.028825383581328468,2.145983445190957e-06,0.00013171439675429503,-3.0583277466813983,0.0005686856129756036,3.967654279693892e-06,0.03134802642752222,0.0002240703495080463
BenGraham_GreenChannel_AHE40.0_Gaussian,207,0.8832730728225096,0.009495349358885899,0.8540305010893245,0.03043184726181113,0.7223404255319148,0.11296984111148642,0.8316455696202532,0.010559711624344608,0.8936898462933659,0.008549455148295425,0.9386241497805449,0.02098029036106998,0.056913371975202874,0.01101051889263442,0.031396010728660786,0.006351124821479929,0.07142857142857138,0.015793336355122253,0.005885278506007408,4,BenGraham,GreenChannel,AHE40.0,Gaussian,-0.028976034858387845,1.7798726275175443e-06,0.0006641278911515022,-3.1001114639775844,0.0004787857368022194,3.3336376574025662e-06,0.10825284625769487,0.0009246332624990648
LABNorm_MaxGreen2.0_CLAHE4.0,208,0.8829787234042554,0.007990853277377013,0.8095860566448803,0.029106695831228095,0.8042553191489361,0.047892036925203205,0.8086799276672695,0.01954694552744768,0.8751331675385572,0.015341728357968465,0.9531280489187367,0.010375562318417903,0.062099584495836156,0.005859854792262034,0.03421314986802978,0.003468534985484962,0.06600361663652798,0.01285051573558039,0.00495278217372759,3,LABNorm,MaxGreen2.0,CLAHE4.0,nenhum,-0.02927038427664197,5.737747976386428e-07,3.347398183269281e-06,-3.3978368487480166,0.00016983734010103825,1.17828753086507e-06,0.0011314205859450169,8.08720149319259e-06
Gamma0.8_GreenChannel_CLAHE4.0_Median,209,0.8828535669586983,0.009385256196316489,0.8934640522875817,0.02060331125275807,0.6191489361702127,0.05489013495287759,0.8468354430379748,0.014008469942769441,0.9063121333808901,0.009427869917738422,0.9198954182916801,0.009658344375292106,0.06049846306297426,0.0040756848534687674,0.03368302413094934,0.002358644453901132,0.0679927667269439,0.008617753345707782,0.005817042056895424,4,Gamma0.8,GreenChannel,CLAHE4.0,Median,-0.029395540722199076,1.3504478457184472e-06,4.1765884479497134e-05,-3.163869856934219,0.0003767749489554468,2.614503405010462e-06,0.011527384116341209,8.005127858570284e-05
HistogramEq_MaxGreen2.0_AHE40.0,210,0.88274231678487,0.011556256320341492,0.8908496732026144,0.020983759027189627,0.6446808510638298,0.06105060770682933,0.849005424954792,0.011788792776135011,0.9072681426765629,0.008277843356811993,0.9247601218795285,0.01101299895487257,0.05700055283579587,0.006658278976243525,0.03137683418200779,0.003878702443488995,0.0687160940325497,0.009101668999723644,0.007162641874611125,3,HistogramEq,MaxGreen2.0,AHE40.0,nenhum,-0.02950679089602737,7.434062719955857e-06,5.696934398165218e-06,-2.8255272124786233,0.0016875322374299796,1.22480976045118e-05,0.001879988351394522,1.3316005198963416e-05
HistogramEq_GreenChannel_AHE40.0_Gaussian,211,0.8826391786028832,0.015196181971669477,0.8845315904139432,0.024412107936051707,0.6670212765957447,0.13192728531746895,0.8475587703435805,0.008310835235792263,0.9059179842490416,0.005145741301411763,0.9295815691662137,0.024527322385534213,0.054418910703509,0.006852577285962602,0.03004336357030294,0.003932030973565607,0.06943942133815548,0.012563149338264518,0.009418691166697317,4,HistogramEq,GreenChannel,AHE40.0,Gaussian,-0.029609929078014185,9.797916564007588e-05,0.0004861368358934085,-2.357555475168422,0.014892833177291533,0.0001328726892524614,0.0855600831172399,0.0006988217015967747
BenGraham_Grayscale_Gaussian,212,0.8826009363556298,0.010757912752392606,0.8758169934640524,0.017246684222277275,0.7148936170212765,0.03163788372084465,0.8484629294755877,0.011238115671051407,0.9055365264379877,0.007981846165918263,0.9375908406917934,0.0057268075197046305,0.07105840006647751,0.005556836754607899,0.039580837393285315,0.003288782467574528,0.0775768535262206,0.01525979677157989,0.006667823404718605,3,BenGraham,Grayscale,nenhum,Gaussian,-0.029648171325267647,3.6326650616142774e-06,0.0005386024194849598,-2.962630637092,0.0009081662654035693,6.407308007448496e-06,0.09210101373192812,0.000764622621656098
Retinex_Grayscale_AHE40.0_Median,213,0.8825232930051452,0.013556301483151971,0.8947712418300654,0.02711521318818658,0.6457446808510638,0.06284704462868905,0.8524412296564196,0.01476977759690589,0.9094675160269572,0.01078122088065064,0.9253394083898423,0.010664140900411699,0.05872693329418478,0.002439824234105219,0.03272625227344714,0.0014046723060940846,0.06962025316455692,0.0089507187491968,0.008402282709597073,4,Retinex,Grayscale,AHE40.0,Median,-0.029725814675752193,3.1755212507247934e-05,0.0016138370921587254,-2.5663113210607618,0.006128756013898851,4.7674274651873535e-05,0.1904327768747296,0.0020261055196315876
Grayscale_AHE40.0_Gaussian,214,0.8823877068557919,0.014642002473775853,0.877124183006536,0.026348748768356908,0.6648936170212766,0.10582002348494167,0.8410488245931284,0.01294067612725679,0.901473699253383,0.009158446523555436,0.9282156844383215,0.019373122266944383,0.05778531811400637,0.008497461382360622,0.032226979999437536,0.0049971540444949305,0.06473779385171786,0.011398622450703135,0.0090752071552985,3,nenhum,Grayscale,AHE40.0,Gaussian,-0.029861400825105466,6.344921545116592e-05,0.0009910341539707992,-2.4424476555069154,0.010659468195795874,8.941985020691274e-05,0.1438624679022491,0.001322145333023688
BenGraham_MaxGreen2.0_CLAHE4.0_Median,215,0.8823251286330136,0.017261330146282266,0.8742919389978214,0.026683883038622354,0.674468085106383,0.08289078203510343,0.8403254972875226,0.010614621122272617,0.9007385219174584,0.008579259059302687,0.9297552665056148,0.015286703774706572,0.06290517138423725,0.006026279150382281,0.034807568897069055,0.0034605153545172744,0.07830018083182637,0.010231168638350309,0.01069868326645036,4,BenGraham,MaxGreen2.0,CLAHE4.0,Median,-0.029923979047883797,0.00027782719126186244,0.004027581135191441,-2.1637618110158434,0.03528405329025653,0.0003557657702753897,0.32623407195050674,0.004675411478922478
GreenChannel_CLAHE4.0_Median,216,0.882281092105873,0.009707997816087513,0.8901960784313726,0.02181552169123439,0.6297872340425532,0.060761560257032325,0.8459312839059674,0.013607186073077723,0.9054889005736682,0.009346387507267908,0.9217607785436952,0.010659878549041874,0.06136096869165055,0.0028277182609233067,0.03416880244868017,0.00158595603028851,0.07486437613019888,0.011022668547956577,0.006017079385280283,3,nenhum,GreenChannel,CLAHE4.0,Median,-0.029968015575024376,1.3380356273089573e-06,2.296133655549402e-05,-3.1694192285868237,0.00037464997564650804,2.5992246138603054e-06,0.006658787601093266,4.61350104327277e-05
BenGraham_Grayscale_Median,217,0.8822706624020767,0.014016880772021718,0.8677559912854031,0.03138817895170654,0.6808510638297872,0.09903716343098543,0.8359855334538878,0.014163235861298333,0.8975825603009572,0.010817965969843552,0.9307302558846866,0.017377784122056154,0.06594661008655534,0.004928543095500662,0.03659176795711709,0.002872501404278855,0.07450271247739597,0.008078054523327785,0.008687752710399165,3,BenGraham,Grayscale,nenhum,Median,-0.029978445278820653,4.004981735641211e-05,0.002050302530747485,-2.5289686843975314,0.0073291165762234154,5.851108375487854e-05,0.2165821511691064,0.002503023259405104
BenGraham_Grayscale,218,0.8821165345570853,0.006437602746427917,0.8407407407407408,0.02182156460475743,0.752127659574468,0.05260910493093114,0.8256781193490055,0.013239063448624288,0.8888480236923237,0.009862723332787057,0.9433333531282706,0.010806875683194916,0.05873357044478659,0.0036935579299755073,0.0323867037034967,0.002171239270304725,0.06943942133815549,0.009109649421247768,0.00399006752061325,2,BenGraham,Grayscale,nenhum,nenhum,-0.030132573123812123,2.4171003554795e-07,4.2030205786654036e-05,-3.7962666095571214,7.613866119760425e-05,5.325029518776676e-07,0.01155830659132986,8.029026022367466e-05
Retinex_MaxGreen2.0_Morpho,219,0.8819936958234831,0.008968698458228034,0.8727668845315903,0.029431034508005233,0.6819148936170213,0.07082440094932317,0.8403254972875226,0.014060247868105762,0.9005265443156325,0.010838856902219399,0.9310540656270018,0.012938863470242064,0.07156929077557513,0.007109523882883364,0.040016501074353436,0.004049521521030249,0.09113924050632907,0.009875176572042128,0.005558856895947255,3,Retinex,MaxGreen2.0,nenhum,Morpho,-0.030255411857414316,6.702052096494226e-07,8.030951024664757e-05,-3.3310093563210987,0.0001956999212176314,1.356929561790204e-06,0.020639544133388425,0.00014475852160445877
Retinex_AHE40.0_Median,220,0.8818059611551476,0.011330460175259955,0.8880174291938998,0.02271560361890764,0.648936170212766,0.07267340968765672,0.847377938517179,0.012563149338264508,0.9060829374361916,0.008892565907453003,0.9254704460641235,0.01282703254307659,0.051258827781879554,0.00393140195147082,0.0282857901367252,0.002326334733724069,0.06112115732368891,0.006424550979854987,0.007022691973963802,3,Retinex,nenhum,AHE40.0,Median,-0.030443146525749754,4.184190260495619e-06,9.636390000802195e-05,-2.9503525334441227,0.0010125740430399397,7.203321556242457e-06,0.024283702802021533,0.00017101618056979205
Grayscale_CLAHE4.0_Unsharp1.5,221,0.8817178881008669,0.01493015601335264,0.8431372549019608,0.030379812147206822,0.7510638297872341,0.06656851080997057,0.8274864376130198,0.01858261494201103,0.8900370350506328,0.013817108853440568,0.9434255058232364,0.013119129588741407,0.05227546114436891,0.006441871594756752,0.02870505496563943,0.0036301640773912336,0.0649186256781193,0.012425016654100752,0.009253806569475314,3,nenhum,Grayscale,CLAHE4.0,Unsharp1.5,-0.030531219580030466,6.0809186156163096e-05,0.0011544902390196177,-2.462386545036959,0.010276752460391564,8.590978388155719e-05,0.15931965298470724,0.0015155979165211875
HistogramEq_GreenChannel_CLAHE4.0_Morpho,222,0.8815394242803505,0.01379843388219755,0.9063180827886711,0.017965601854543215,0.5840425531914895,0.03109668265020391,0.8515370705244123,0.011545891443096756,0.9101100137881362,0.007928630087418067,0.9141572093810313,0.004831946192225246,0.05733933305248566,0.006698777970765918,0.03164654661188517,0.003873058105868889,0.06274864376130194,0.010951569816463851,0.008552357925352815,4,HistogramEq,GreenChannel,CLAHE4.0,Morpho,-0.030709683400546917,2.6409743391078554e-05,0.00016605573868386036,-2.6191238997166524,0.005149899961260318,3.985722427787446e-05,0.03752859694255244,0.0002728058564091992
Gamma0.8_AHE40.0_Morpho,223,0.8811546840958606,0.015158269518394824,0.9196078431372549,0.01364243486425541,0.6063829787234043,0.04596269998870823,0.866365280289331,0.012454224537972222,0.9194798125870894,0.007780600883963177,0.9194875952917567,0.00856700812956683,0.04942398482725159,0.006126779556953994,0.027145246406847977,0.0035214021495277134,0.05153707052441223,0.006938435463062896,0.009395192784706925,3,Gamma0.8,nenhum,AHE40.0,Morpho,-0.03109442358503678,5.832730038372096e-05,0.0010640252963361665,-2.480279410663337,0.010032295666000005,8.301534089267217e-05,0.15109159207973563,0.001409710934085935
HistogramEq_GreenChannel_CLAHE4.0_Median,224,0.8811245538404486,0.011643216441669777,0.8995642701525055,0.026711538832434167,0.5946808510638297,0.0656651036681318,0.8477396021699819,0.015100630519707538,0.9073160834982996,0.01083781771688512,0.9158429545390698,0.010840624337095005,0.06647216920129649,0.004982017065631893,0.037050382032448245,0.002878563665907634,0.08535262206148278,0.01497984286149157,0.007216540316215511,4,HistogramEq,GreenChannel,CLAHE4.0,Median,-0.031124553840448765,4.1217700862215095e-06,0.0003100139988157663,-2.966752762892048,0.0010050704435036963,7.117170569301406e-06,0.05881916761932021,0.00046061511451954944
Retinex_GreenChannel,225,0.8811152829926296,0.009442666844227421,0.8002178649237474,0.04254475493334622,0.8319148936170213,0.07668106621716603,0.8056057866184447,0.023411339946881805,0.8718109375020001,0.019372276257911835,0.9597012121656461,0.01573141299598482,0.06168529335184887,0.005834256156197667,0.034201251851802374,0.003474687780868422,0.07739602169981913,0.013949990059691494,0.005852625545126952,2,Retinex,GreenChannel,nenhum,nenhum,-0.031133824688267753,6.44636793347772e-07,9.285591493929202e-05,-3.3405219268818516,0.00018887858045089722,1.3097744034451198e-06,0.023585402394580172,0.0001658141338201643
Retinex_Grayscale_Morpho,226,0.8809669494275252,0.010443942568843465,0.8357298474945534,0.02215138628705461,0.7680851063829788,0.06649290770686085,0.8242314647377939,0.014385951913370746,0.8874441769583402,0.010432874531983318,0.9465929229800754,0.013861037328063106,0.06544939680224389,0.007424445935588271,0.03663504534368589,0.0044584304834412135,0.08119349005424951,0.009810577957021682,0.006473222668828908,3,Retinex,Grayscale,nenhum,Morpho,-0.031282158253372216,1.3831363031425582e-06,0.00026331947742869936,-3.1791848108991703,0.0003845118922736312,2.66880326948648e-06,0.05212676088663931,0.0003994952493971032
LABNorm_Grayscale_AHE40.0_Unsharp1.5,227,0.880700412552728,0.013857635117490273,0.8466230936819172,0.025369806759058207,0.7265957446808511,0.047057686234137974,0.8262206148282099,0.016517513336609956,0.889793959356718,0.011985527392849455,0.9381745934568734,0.008675360793440877,0.050926582347129226,0.007868003015323208,0.02785210022734515,0.004467714210834139,0.06654611211573233,0.013580458123340761,0.008589051231141643,4,LABNorm,Grayscale,AHE40.0,Unsharp1.5,-0.03154869512816938,2.0445578559878976e-05,0.00012877102625897776,-2.682704978010832,0.004068670133415916,3.118357472660587e-05,0.03090504630215466,0.0002202179984887016
LABNorm_GreenChannel_CLAHE4.0_Morpho,228,0.8806980948407732,0.013052019037846535,0.8956427015250543,0.022181126890506216,0.6148936170212765,0.05800880864305967,0.8479204339963834,0.01349053365814429,0.9071017013916645,0.009376158635762933,0.9193014549979551,0.00991531033662295,0.05775035114918725,0.004109753941755386,0.032050827230543484,0.0024685970774982837,0.06347197106690775,0.0073057450397230545,0.008089725211800998,4,LABNorm,GreenChannel,CLAHE4.0,Morpho,-0.03155101284012418,1.1075858734524224e-05,0.00042198885447011477,-2.794654949989564,0.002325930334250087,1.7400597738665106e-05,0.07553600495015055,0.0006111929252400907
Gamma0.8_Grayscale_AHE40.0_Unsharp1.5,229,0.8806146572104019,0.01602590139205847,0.8496732026143791,0.026344745311862126,0.7223404255319149,0.06089593148235,0.8280289330922243,0.01467723808516971,0.8911547498245639,0.011183613608021507,0.9376413112806553,0.01127043922333408,0.05003838297480474,0.00737918907593595,0.02737570986699787,0.004211227749131079,0.06654611211573232,0.015386652720566127,0.009932956591408896,4,Gamma0.8,Grayscale,AHE40.0,Unsharp1.5,-0.03163445047049551,8.377693434306973e-05,0.0004074289465280536,-2.421299590959195,0.012985424823175808,0.00011442217873459643,0.07333721037504966,0.0005915950612465425
Retinex_AHE40.0_Morpho,230,0.8805937978028091,0.014945739976576632,0.9185185185185185,0.019946509106873376,0.6,0.074248240160581,0.864376130198915,0.014136274140516686,0.9182634993712373,0.009021742926350981,0.9184034768177574,0.013046847438309323,0.0458397892399875,0.005611087371694344,0.02507447308185607,0.003224460171249038,0.04737793851717897,0.007849943626811167,0.009263465609952297,3,Retinex,nenhum,AHE40.0,Morpho,-0.03165530987808829,4.2166387595521084e-05,0.0009647684533615466,-2.551115273799241,0.007589949767193795,6.122644663491067e-05,0.14375049955087044,0.0012991612662362748
CLAHE4.0_Morpho,231,0.8805880035229222,0.007978302462772644,0.891285403050109,0.02826558918182266,0.6457446808510638,0.06931694447106919,0.8495479204339963,0.012551575729784568,0.9075207143551778,0.009617961969421843,0.9251741542703181,0.011659828056636344,0.0561267967202274,0.006339315109281592,0.03123969828871357,0.003706356777700139,0.05623869801084989,0.014922734926421526,0.004945003098242089,2,nenhum,nenhum,CLAHE4.0,Morpho,-0.031661104157975184,1.9057192509252275e-07,3.9636920553747404e-06,-3.6778464590433875,6.11735879546998e-05,4.282780930429229e-07,0.001327836838550538,9.45694162589409e-06
LABNorm_AHE40.0,232,0.8803828860149261,0.011788790223572073,0.9061002178649238,0.020084840638331724,0.5787234042553191,0.06970588581733682,0.8504520795660037,0.009943010198424543,0.9095006793560128,0.006857126499305848,0.9133800946460185,0.01188265120814525,0.057423206203893885,0.00644180183311106,0.03179530640980713,0.003760849994456192,0.06907775768535258,0.011042428352071858,0.007306767881025018,2,LABNorm,nenhum,AHE40.0,nenhum,-0.031866221665971306,3.46937057664576e-06,0.0001195352903988906,-3.0141835061688416,0.0008916282381979603,6.253567653828564e-06,0.029286146147728197,0.0002076519395146891
HistogramEq_GreenChannel_Morpho,233,0.8803759328790619,0.010550362687302129,0.8947712418300654,0.026385751944671586,0.623404255319149,0.07608841706136936,0.8486437613019892,0.015010130900142544,0.9073848550877235,0.010510769863634768,0.9210540212305649,0.013274089295115817,0.06966563518591781,0.00427999614799965,0.03866824526925059,0.0025483794951644463,0.0788426763110307,0.011970769463345543,0.006539182541614992,3,HistogramEq,GreenChannel,nenhum,Morpho,-0.03187317480183549,1.1802556208282687e-06,0.00013645197167632805,-3.2207222475018,0.00033401234069440006,2.3162013036732236e-06,0.03206621334393709,0.00023008763552460006
MaxGreen2.0_CLAHE4.0,234,0.8803388494877857,0.006683682356636255,0.8163398692810457,0.04914773861755804,0.7755319148936171,0.07760207074708902,0.8094032549728751,0.02935942675240854,0.8759912322788596,0.02356971755213099,0.9476174975406266,0.014979714164206176,0.06152898718311004,0.004666042050498961,0.03390585479646567,0.0027622413239513617,0.06292947558770338,0.012288288058658977,0.004142589243194265,2,nenhum,MaxGreen2.0,CLAHE4.0,nenhum,-0.03191025819311166,1.132637204212987e-07,6.381884104657436e-07,-3.9696892944853857,3.7943346341135065e-05,2.7023501760268363e-07,0.00024442616120837977,1.8999375577260637e-06
HistogramEq_Grayscale_CLAHE4.0_Gaussian,235,0.880162703379224,0.015977490479908926,0.8825708061002178,0.03110801216218016,0.676595744680851,0.07772350747686511,0.8475587703435805,0.018793561329560546,0.9055414252388052,0.013349125932773449,0.9306805291037226,0.014183601350521617,0.06281268564916724,0.0055121468834938864,0.03512673647285356,0.0032917737652814454,0.07540687160940322,0.010851583823674592,0.009902951197193114,4,HistogramEq,Grayscale,CLAHE4.0,Gaussian,-0.03208640430167342,7.064988288184529e-05,0.0005704193524449682,-2.4614838509292833,0.011515930909740782,9.836242774106788e-05,0.09583045121075466,0.0008038998226859235
BenGraham_CLAHE4.0_Morpho,236,0.8800445000695314,0.012471492953617583,0.838562091503268,0.026986538024989952,0.7106382978723405,0.07798194046753736,0.8168173598553345,0.013289738164225266,0.883545696815508,0.010238434910090233,0.9345391981559388,0.014492729193361599,0.056371375669831345,0.007077847278121863,0.03146887293414141,0.0041007884317489154,0.06437613019891496,0.0148678515667953,0.007729911417009758,3,BenGraham,nenhum,CLAHE4.0,Morpho,-0.03220460761136601,5.41966938997814e-06,0.0001109201903688805,-2.93924802212672,0.0012736223066448628,9.138738707441145e-06,0.027730047592220128,0.00019471681277097842
LABNorm_MaxGreen2.0_AHE40.0_Gaussian,237,0.8799888749826172,0.012906541350412817,0.8934640522875817,0.02690825361022264,0.6446808510638298,0.08289078203510342,0.8511754068716094,0.013533557195416195,0.9086681765455721,0.009747355790166687,0.92520244314039,0.014535916450376628,0.05022250640127646,0.005175774876841037,0.02744785101740988,0.002995703888364575,0.049005424954792,0.010730370894198427,0.007999557206960176,4,LABNorm,MaxGreen2.0,AHE40.0,Gaussian,-0.032260232698280156,7.586649280742168e-06,0.0002548957013983582,-2.8788782721401165,0.00171458273744773,1.2463780961219275e-05,0.05148893168246836,0.00039188510241726203
LABNorm_Grayscale_AHE40.0_Gaussian,238,0.8796898901404534,0.014560394778331692,0.8812636165577341,0.020443991663412132,0.6595744680851063,0.09260684295886952,0.8435804701627486,0.010449027018300009,0.9033589214809332,0.006938915542685333,0.927262136098775,0.017354373910839802,0.057963432151852415,0.007156872217123939,0.03232572224223857,0.004243007135957868,0.06528028933092221,0.012366393931926305,0.009024626181627122,4,LABNorm,Grayscale,AHE40.0,Gaussian,-0.032559217540443997,2.3950009554928337e-05,0.00038090931265790724,-2.6737882598509035,0.004694201872765954,3.6240146037062616e-05,0.07046822284171284,0.0005601607539086871
AHE40.0,239,0.8796690307328605,0.012263418677960944,0.9052287581699346,0.029053194997672473,0.5691489361702128,0.06676656164454865,0.8481012658227849,0.016352814908077776,0.9080126771100474,0.011499850909805645,0.911514039710597,0.010611927243651394,0.05555914924866874,0.006873256444617308,0.03071004780049828,0.004009495909518495,0.06618444846292944,0.012270534683543796,0.007600945644831075,1,nenhum,nenhum,AHE40.0,nenhum,-0.032580076948036885,3.9437809148548005e-06,0.00022298756912684812,-3.0059075375194495,0.0009741138859691357,6.892626218971156e-06,0.04741288743481088,0.0003522468468349936
Gamma0.8_GreenChannel_CLAHE4.0_Morpho,240,0.879569369118806,0.013817254720163435,0.884967320261438,0.026099373225601814,0.6127659574468085,0.07131098990212444,0.8386980108499096,0.012551575729784556,0.900918935718383,0.009400923031201313,0.9181635364862529,0.011994039660408308,0.058762828246202305,0.003823758659928632,0.03267622117837212,0.0022577287285593566,0.06509945750452076,0.008395652969972361,0.008564023201580067,4,Gamma0.8,GreenChannel,CLAHE4.0,Morpho,-0.03267973856209139,1.3333103697101947e-05,0.00016706577178138323,-2.784512656332386,0.002759952465300103,2.073236186915404e-05,0.037589798650811225,0.00027368324437121184
Grayscale_AHE40.0_Unsharp1.5,241,0.8792981968200992,0.015671651558249965,0.8496732026143791,0.02778667606348441,0.7180851063829787,0.06328570318288919,0.8273056057866185,0.014672286250317182,0.890728037075663,0.011304294583423476,0.9367822753903846,0.011361517921215382,0.05043542554785359,0.007267316227935595,0.02756845476966636,0.00412339727082083,0.06763110307414101,0.015230005253626278,0.00971339026963698,3,nenhum,Grayscale,AHE40.0,Unsharp1.5,-0.032950910860798155,4.4550123683323923e-05,0.00026326646912444096,-2.5645904886186184,0.007929922015631658,6.436261587414888e-05,0.05212676088663931,0.0003994952493971032
Retinex_Grayscale_CLAHE4.0_Median,242,0.8792587957168683,0.004826375064722984,0.8540305010893245,0.02953478490582824,0.7202127659574468,0.061838522110086995,0.8312839059674502,0.01738766943323797,0.8934318885018925,0.012893421580657241,0.937522755787767,0.011729715956726144,0.06529877647575202,0.005819343638993181,0.036606366830145995,0.0034511805804974746,0.07739602169981914,0.011334692488046447,0.0029914182571663724,4,Retinex,Grayscale,CLAHE4.0,Median,-0.03299031196402913,1.1388916387373748e-07,1.0046202403740557e-06,-4.49239775398661,3.803898073382832e-05,2.706044182950374e-07,0.00037170948893840063,2.804158437937291e-06
LABNorm_Grayscale_CLAHE4.0_Unsharp1.5,243,0.87914754554304,0.015514792408931605,0.8431372549019608,0.025427946840975452,0.7606382978723405,0.060854618091242964,0.8291139240506329,0.013961705632188652,0.89103313173872,0.01057844212867451,0.9454432498376967,0.01210469921193293,0.05116267879936337,0.006467962136758714,0.0279862230209163,0.003634735009812898,0.061844484629294705,0.011302591906772023,0.009616167961635216,4,LABNorm,Grayscale,CLAHE4.0,Unsharp1.5,-0.03310156213785742,3.8391453960780546e-05,0.0008342430520489002,-2.5956165674127103,0.007102418982744401,5.634497169105264e-05,0.13097615917167732,0.0011448442838379895
HistogramEq_Grayscale_AHE40.0_Gaussian,244,0.8790061651137997,0.015650043608104527,0.8760348583877995,0.022085815989240025,0.6606382978723404,0.10209440948093684,0.8394213381555155,0.0058316511741761615,0.9005046574292708,0.00454415463871229,0.9272391892952461,0.01865492497221143,0.05512682295207183,0.005037538839890787,0.03050711866731397,0.0029600265831574695,0.067631103074141,0.011879364948595561,0.009699997523383696,4,HistogramEq,Grayscale,AHE40.0,Gaussian,-0.0332429425670977,4.009281217290808e-05,0.00022179453218036554,-2.5899754442925067,0.0073291165762234154,5.851108375487854e-05,0.04741288743481088,0.00035132742700746614
MaxGreen2.0_CLAHE4.0_Median,245,0.8789088212116999,0.00849095706840929,0.8492374727668845,0.01848074521994771,0.7148936170212765,0.034672075352000876,0.8264014466546111,0.011212221360903147,0.8902715770209213,0.008427250149935717,0.9358000206306099,0.006424727045549699,0.06717210309627358,0.0030637075047411184,0.03732710177685642,0.0018755914540981525,0.06943942133815548,0.007489921430745798,0.00526274971477238,3,nenhum,MaxGreen2.0,CLAHE4.0,Median,-0.03334028646919751,1.2238051897151994e-07,1.6129643328552503e-06,-3.7670958626670963,4.063033229854462e-05,2.883967147894425e-07,0.0005758282668293244,4.2349520154875295e-06
MaxGreen2.0_AHE40.0_Gaussian,246,0.8788902795160618,0.011515088200899633,0.9004357298474946,0.020746161227780512,0.6202127659574468,0.0816450376780847,0.8528028933092224,0.01259203682027197,0.9102916968785134,0.008299663883229154,0.920888958504787,0.014431909292562732,0.04854310200249129,0.006088958285384175,0.02649639550808232,0.003513021693595153,0.04900542495479199,0.011063794981946571,0.0071371256098243865,3,nenhum,MaxGreen2.0,AHE40.0,Gaussian,-0.0333588281648356,1.5165978915646983e-06,0.00023452558606839428,-3.201370798452211,0.0004160080329740594,2.887562210760601e-06,0.049015847488294406,0.0003674447193169665
GreenChannel_AHE40.0_Gaussian,247,0.8788485607008761,0.011731844913607375,0.8764705882352942,0.024606844127378426,0.6691489361702128,0.06372134207740024,0.8412296564195298,0.01573687172714232,0.9014821707902791,0.010953789683467169,0.9285409255079374,0.011793407034853431,0.06010524063615789,0.006560612486389953,0.03346188042706033,0.0038358417068135287,0.0578661844484629,0.010612909500698623,0.007271472812240684,3,nenhum,GreenChannel,AHE40.0,Gaussian,-0.03340054698002126,1.8107061591178984e-06,0.00015510098997162632,-3.1688209850576934,0.0004852692506435968,3.380376758093479e-06,0.03567322769347406,0.0002577545353574715
BenGraham_Grayscale_CLAHE4.0_Otsu,248,0.8785460992907803,0.012993036681129163,0.7766884531590413,0.06511897978638194,0.8148936170212766,0.06287705038099717,0.7831826401446655,0.045996340454954765,0.8546587844844946,0.03758508259876698,0.954315527208234,0.013069658357551205,0.05278474049120683,0.00440899214009738,0.028817079399912994,0.002509350979697327,0.06925858951175404,0.008397816519285407,0.008053167568358678,4,BenGraham,Grayscale,CLAHE4.0,Otsu,-0.033703008390117084,4.812043375853039e-06,1.4405917241420778e-06,-2.9943054432200817,0.0011404542800771704,8.162020475266955e-06,0.0005200536124152901,3.852745308752069e-06
Gamma0.8_GreenChannel_AHE40.0_Gaussian,249,0.8784591850924768,0.01162872051331872,0.8758169934640522,0.02282677363181074,0.6680851063829787,0.0649623710499545,0.8405063291139241,0.014511683651167374,0.901035878384507,0.010029891078351501,0.9282806453781051,0.012200081437976807,0.059701498321654244,0.006631636555027724,0.033229773325400114,0.003883609931836055,0.05768535262206144,0.012038867430807197,0.007207555646739473,4,Gamma0.8,GreenChannel,AHE40.0,Gaussian,-0.03378992258842062,1.4199694127836981e-06,0.00014139768529966644,-3.2232831248805502,0.00039318965910669805,2.7216080411687546e-06,0.03308705836012195,0.00023773002645411753
BenGraham_Grayscale_Morpho,250,0.8783502526306031,0.010085163740426228,0.8738562091503267,0.029345793302832466,0.6468085106382979,0.07194300512292627,0.8352622061482821,0.01827206955380706,0.897824180174109,0.013098138885800735,0.9239353037076455,0.012754301917759173,0.06102621188129899,0.0042526941792617205,0.03382689883157342,0.0025148480637559724,0.06437613019891497,0.009461804397998116,0.0062508492471160465,3,BenGraham,Grayscale,nenhum,Morpho,-0.03389885505029433,3.3682826511016885e-07,0.00012756225798236093,-3.5125691841015687,0.000103743105653932,7.226725837251757e-07,0.030742504173748984,0.0002189501442980822
Retinex_MaxGreen2.0_CLAHE4.0_Median,251,0.8782320493209104,0.019970823726973348,0.8745098039215687,0.03603672876363457,0.6617021276595745,0.0903803252316254,0.8383363471971068,0.017639730402369304,0.8995012683086511,0.013380862962674787,0.927339466873106,0.015867669106230255,0.07026769794082523,0.004891250094964506,0.03924538263527434,0.0027605137113363575,0.09656419529837247,0.013211590782685924,0.012378044786485812,4,Retinex,MaxGreen2.0,CLAHE4.0,Median,-0.03401705835998703,0.00031784941008722854,0.004522064591424402,-2.188064058796277,0.037824079800380196,0.00039991993610537506,0.34509724416045373,0.005189994291554952
GreenChannel_CLAHE4.0_Morpho,252,0.8778982987994253,0.012348965142765804,0.8899782135076253,0.024803240897513543,0.6053191489361702,0.06975097080091167,0.8415913200723327,0.012359046540194636,0.9030340726361477,0.009071505983504896,0.9171092691427768,0.011787085539276718,0.05946839301275535,0.004120686754502856,0.03306316281381847,0.002426490293777222,0.06455696202531643,0.011689751543916478,0.007653967893044599,3,nenhum,GreenChannel,CLAHE4.0,Morpho,-0.03435080888147213,2.1855730276499398e-06,4.440855687502202e-05,-3.155173297222239,0.0005769912792995841,4.027899009290754e-06,0.01207912747000599,8.399644803663705e-05
HistogramEq_GreenChannel_AHE40.0_Otsu,253,0.8777453298104112,0.007620897872506313,0.8200435729847495,0.06005418949174546,0.7351063829787234,0.09730150108593277,0.8056057866184447,0.03385469299611043,0.8740088250603009,0.027346666038778812,0.9393576603072293,0.0174759086786459,0.04544847807316198,0.004875530190089224,0.02487425098387569,0.0029036627631577323,0.0497287522603978,0.00984016137270312,0.004723481438159682,4,HistogramEq,GreenChannel,AHE40.0,Otsu,-0.034503777870486196,4.702188204027296e-08,5.776345135751872e-07,-4.085638065853417,1.683383377041772e-05,1.240256062988851e-07,0.000225277460294323,1.7856980930415733e-06
BenGraham,254,0.8776642098919947,0.012739219419091211,0.8392156862745098,0.03427556830693101,0.7340425531914894,0.06839468624817699,0.8213381555153708,0.020132970944561512,0.8860204686662876,0.01554874152553568,0.9395827169447498,0.013243009140128211,0.05425476434506854,0.009114809874810448,0.030048084452784018,0.005301089120000683,0.06546112115732367,0.016079464592136137,0.007895849999487165,1,BenGraham,nenhum,nenhum,nenhum,-0.034584897788902724,2.823181453093992e-06,0.00028636324086179084,-3.113039464650981,0.0007312039963513439,5.120912730375538e-06,0.05526810548632563,0.0004299187036436807
Gamma0.8_GreenChannel_Unsharp1.5,255,0.877460251239976,0.01173480880983407,0.8431372549019608,0.03224924228202544,0.7042553191489361,0.07878407986949681,0.8195298372513562,0.017507409881189186,0.8855320708702582,0.013367827623589774,0.9335666617073901,0.014331151450261337,0.06336674011793872,0.006518261743336178,0.03546542990885415,0.003983218179079624,0.07703435804701622,0.011756386844253069,0.007273309854154332,3,Gamma0.8,GreenChannel,nenhum,Unsharp1.5,-0.034788856440921445,1.066745992328299e-06,9.484250276323785e-05,-3.300018075440085,0.0003050893538058935,2.1150998123750755e-06,0.023995153199099176,0.00016883727272093424
HistogramEq_Grayscale_CLAHE4.0_Morpho,256,0.8771566309739025,0.019765400804525633,0.9091503267973856,0.021980496661044385,0.5787234042553191,0.07236128193296287,0.8529837251356239,0.01150175078991047,0.9111504318806254,0.007913272594097862,0.9136686762301602,0.012246485339938972,0.054012049507474694,0.006563530122933076,0.029735169574611343,0.0037400105497759047,0.06726943942133812,0.012288288058658978,0.012250722340051402,4,HistogramEq,Grayscale,CLAHE4.0,Morpho,-0.03509247670699489,0.00022161819557788213,0.0005241440257733097,-2.2765406141884132,0.029918456403014087,0.00028895796475574204,0.0912010604845559,0.0007489539044925744
GreenChannel_CLAHE4.0_Unsharp1.5,257,0.8766768645992677,0.012281300041695132,0.8498910675381264,0.02891125820920894,0.7021276595744681,0.0822511596081078,0.8247739602169982,0.016407159927523906,0.8893362625898753,0.012151069349487897,0.9335873473310625,0.015453701230898231,0.0474048185676084,0.006084944411292751,0.02603728231354217,0.0034759696169816843,0.05569620253164552,0.011525418592132243,0.0076120286288967895,3,nenhum,GreenChannel,CLAHE4.0,Unsharp1.5,-0.03557224308162965,1.3147140630412e-06,1.7309889033736304e-05,-3.2789101154986584,0.00036943465171457724,2.562578258470136e-06,0.005123727153985946,3.554709355142277e-05
HistogramEq_Grayscale_Morpho,258,0.8766768645992677,0.012770092536124001,0.8742919389978214,0.028812584685161853,0.6585106382978723,0.06866076088646833,0.8376130198915008,0.019284960451795785,0.8991868357672154,0.013415150719041142,0.9262721577854593,0.01295050876908063,0.05834969100833289,0.007007861433469446,0.03212215230820905,0.0041232398805284886,0.06455696202531641,0.01581173011457207,0.007914985355672506,3,HistogramEq,Grayscale,nenhum,Morpho,-0.03557224308162965,2.0384329645900342e-06,1.5285789478381442e-05,-3.196816417491689,0.0005442616015455392,3.793200500450711e-06,0.004601022632992814,3.196119618207029e-05
Gamma0.8_MaxGreen2.0_CLAHE4.0_Unsharp1.5,259,0.8765146247624346,0.011377227279390402,0.876470588235294,0.04053888065256355,0.6308510638297873,0.09724979309711523,0.8347197106690778,0.023066594132706692,0.8976118849675485,0.01698720075095879,0.9213687189831339,0.01704368951188748,0.05147664496061851,0.0043513718127189596,0.028082834677592823,0.0025402862427809877,0.05985533453887881,0.006682355178741712,0.0070516785254138075,4,Gamma0.8,MaxGreen2.0,CLAHE4.0,Unsharp1.5,-0.03573448291846282,5.34175255191471e-07,0.0002468646306108279,-3.4545511131949427,0.0001602525765574413,1.1128651149822313e-06,0.050607249275219715,0.0003826069072809327
Retinex_GreenChannel_AHE40.0_Median,260,0.8764844945070227,0.015192250931986132,0.888888888888889,0.03010077236900903,0.625531914893617,0.12012852966156697,0.844122965641953,0.013117753353813561,0.9043266194351156,0.009223289615222875,0.9215229748841924,0.020745383638963603,0.05778887376337423,0.006199819601174218,0.032226529115792255,0.003623302006178189,0.07377938517179018,0.015574416260126487,0.009416254683058829,4,Retinex,GreenChannel,AHE40.0,Median,-0.03576461317387469,1.3376880440793302e-05,0.000259010509359727,-2.848133378862455,0.002759952465300103,2.073236186915404e-05,0.05202666587647743,0.00039609319915383777
Retinex_AHE40.0_Otsu,261,0.8762759004310944,0.008850968069523235,0.8342047930283224,0.048829076448113906,0.7085106382978724,0.1127191124430288,0.8128390596745028,0.022314806944439727,0.8803257036206116,0.018551371212829022,0.9346336277625911,0.019974371046870637,0.039820422623299774,0.007118314829809936,0.02161586999063343,0.004081401025350728,0.04701627486437608,0.01199502636656563,0.005485886845034926,3,Retinex,nenhum,AHE40.0,Otsu,-0.03597320724980302,5.1514295753516624e-08,8.606281108961687e-06,-3.9859384884910325,1.8339089288251917e-05,1.3463963662850935e-07,0.002779828798194625,1.955972979309474e-05
Retinex_Morpho,262,0.8760719417790757,0.02278530508789114,0.8819172113289759,0.030184755156825477,0.6585106382978723,0.07904699961084855,0.8439421338155515,0.013851974957102114,0.9034683810620354,0.010791589842842973,0.9270827131597477,0.013529673701744706,0.0766384983266325,0.0062005425562318885,0.04313815327008121,0.003750675507223605,0.09258589511754065,0.009599049662396315,0.014122478406873576,2,Retinex,nenhum,nenhum,Morpho,-0.03617716590182174,0.0005726296266328447,0.0015692088047487894,-2.08222265844749,0.058980851543183006,0.0006961142395642404,0.18987426537460353,0.001983066071935283
Gamma0.8_GreenChannel_CLAHE4.0_Unsharp1.5,263,0.8757034255782692,0.012872466618130095,0.8496732026143791,0.03153820007350538,0.7074468085106382,0.06600890237229176,0.825497287522604,0.0196109686377305,0.8896524536174484,0.014514789969878268,0.9345387311003359,0.012290467657832262,0.04783636139451903,0.006019462972183362,0.026313213317280558,0.0034325414023632997,0.05786618444846288,0.011468533809789308,0.007978437469084096,4,Gamma0.8,GreenChannel,CLAHE4.0,Unsharp1.5,-0.03654568210262821,1.587182619864515e-06,2.014217728304068e-05,-3.267026984904946,0.00043012648998328357,2.9922295292527743e-06,0.005901657943930919,4.092491850794484e-05
BenGraham_CLAHE4.0_Otsu,264,0.8754809252306124,0.012834053094138093,0.7943355119825708,0.05165027571153678,0.7840425531914894,0.0825639753137936,0.7925858951175406,0.031930460786370365,0.8632834575095314,0.025746213785391457,0.9482757672240927,0.016274181524819596,0.04850638148379691,0.006989896629156498,0.02635026433190838,0.0039641811452310605,0.05750452079566,0.01601153245654877,0.007954628520245519,3,BenGraham,nenhum,CLAHE4.0,Otsu,-0.036768182450285014,1.4194572530927727e-06,3.0489875202659404e-06,-3.2934215087483225,0.00039318965910669805,2.7216080411687546e-06,0.0010397047444106857,7.460288613416663e-06
HistogramEq_Grayscale_AHE40.0_Unsharp1.5,265,0.8754137115839244,0.010107310084469055,0.8350762527233115,0.021593187457564132,0.7223404255319149,0.05365050176110518,0.8159132007233273,0.01183646795287143,0.8826574599325754,0.009105339527777116,0.9365333903281691,0.010385861607729753,0.04660514978873423,0.005944640464267961,0.02536164603455593,0.003304331843993933,0.06582278481012654,0.013266479223375338,0.006264575693364169,4,HistogramEq,Grayscale,AHE40.0,Unsharp1.5,-0.03683539609697295,1.0498524460259107e-07,8.759466595814984e-06,-3.8122775932891524,3.538002743107319e-05,2.5257956337443457e-07,0.00281178877725661,1.9751738402327907e-05
HistogramEq_GreenChannel_AHE40.0_Unsharp1.5,266,0.8753766281926483,0.013035531284685988,0.8411764705882353,0.019143758879154232,0.7372340425531915,0.030110538603338673,0.8235081374321881,0.017031930572585313,0.8876973925947794,0.011737473656901615,0.9398818496846804,0.006674490562279741,0.04966588347959638,0.005625573380369998,0.027068748663138704,0.0032321207312017756,0.06672694394213378,0.010245363814983944,0.008079505996517748,4,HistogramEq,GreenChannel,AHE40.0,Unsharp1.5,-0.03687247948824912,1.6405481281036378e-06,1.154208360349317e-05,-3.26876677781583,0.0004429479945879822,3.08272932568494e-06,0.003601130084289869,2.5139007848517322e-05
MaxGreen2.0_CLAHE4.0_Unsharp1.5,267,0.8753766281926483,0.0075975557888539064,0.8793028322440086,0.04456862957504294,0.651063829787234,0.08537192616059099,0.8405063291139241,0.02427311323057535,0.9009962143527428,0.018515571319150843,0.9256243765905323,0.014463010413158296,0.054949364819816396,0.005658522361311136,0.03007073750170002,0.0033020917628528677,0.06094032549728747,0.00997948504651034,0.004709013864823228,3,nenhum,MaxGreen2.0,CLAHE4.0,Unsharp1.5,-0.03687247948824912,1.7564358730596893e-08,1.6215894719756423e-05,-4.37156599997057,6.604198882704432e-06,5.049753135046607e-08,0.004816120731767658,3.3419854709175424e-05
HistogramEq_GreenChannel_CLAHE4.0_Unsharp1.5,268,0.8751239975895796,0.015272220920262349,0.8324618736383442,0.04374753226187569,0.7308510638297873,0.08744568686619959,0.8151898734177216,0.025097361319609813,0.8815322042718498,0.019424613162937105,0.9387655258292174,0.016412327484576692,0.05391246566839454,0.005035694589289776,0.029684137309565362,0.002900265427082194,0.07396021699819166,0.011733184952989749,0.00946582059531115,4,HistogramEq,GreenChannel,CLAHE4.0,Unsharp1.5,-0.0371251100913178,9.347673896554566e-06,0.00011308123079753474,-2.94512344546973,0.002059424569696026,1.5056284156017673e-05,0.02793106400699108,0.00019763436993490115
LABNorm_CLAHE4.0_Morpho,269,0.8749640754647012,0.009581139523192577,0.9021786492374728,0.02989772201680892,0.6138297872340426,0.07003882746195761,0.8531645569620254,0.014979842861491567,0.9105129641179028,0.010946535834761625,0.919818918735297,0.011238732946696207,0.056378712411350784,0.005115349004385309,0.03141056061323879,0.002963860358251887,0.056600361663652766,0.014392264587294888,0.005938451800737048,3,LABNorm,nenhum,CLAHE4.0,Morpho,-0.03728503221619617,5.465607115777575e-08,2.4392067330097973e-06,-3.970529328328428,1.9348249189852616e-05,1.4153436952302057e-07,0.0008415263228883801,6.071618491258153e-06
GreenChannel_Unsharp1.5,270,0.8749223566495157,0.011509001358755384,0.8468409586056644,0.03036331577038004,0.7,0.0840358198218362,0.8218806509945751,0.01586220297400935,0.8873296965050652,0.012224425029634911,0.9329934259941599,0.01574026877229477,0.061049756946725174,0.007032753749176844,0.033946858914981434,0.004158945093153022,0.07215189873417716,0.016116705216923675,0.007133352945977376,2,nenhum,GreenChannel,nenhum,Unsharp1.5,-0.03732675103138172,3.341915553006831e-07,1.4982170868271004e-05,-3.583319756270621,0.00010326519058791109,7.197009149733813e-07,0.004551270618817808,3.1555854392878494e-05
BenGraham_GreenChannel_Morpho,271,0.8748064710517778,0.005108616642581042,0.857516339869281,0.02543209461799365,0.675531914893617,0.05095782930212736,0.8265822784810126,0.013783608680043049,0.8912388301506917,0.01068112518410869,0.9283644473238384,0.008850530209378496,0.0603647133789166,0.00632898832840147,0.033511688277444565,0.0037625057877029716,0.06383363471971062,0.008222933925393616,0.00316635339950689,3,BenGraham,GreenChannel,nenhum,Morpho,-0.03744263662911962,2.0092684489067105e-08,1.4576182507881738e-06,-5.033672061560634,7.514663998911097e-06,5.719452267927518e-08,0.0005247425702837426,3.88007692938924e-06
Gamma0.8_AHE40.0_Otsu,272,0.8746929031659946,0.007214347726295768,0.8623093681917211,0.05535274661423299,0.6276595744680851,0.1347517730496454,0.8224231464737795,0.02349731594330207,0.8888985557152747,0.019485358516601943,0.920549508504665,0.022786096886777726,0.04264054279248223,0.006306847772823656,0.02328479991810409,0.003662332092742918,0.0435804701627486,0.010730370894198463,0.004471499046920123,3,Gamma0.8,nenhum,AHE40.0,Otsu,-0.037556204514902825,1.2000454915185419e-08,1.9477080468982655e-06,-4.544188406233436,4.58417377760083e-06,3.5568358640369157e-08,0.0006933840646957825,5.0906005771204675e-06
LABNorm_GreenChannel_Unsharp1.5,273,0.8745237101932972,0.01083121901128693,0.8474945533769063,0.03260703605031759,0.701063829787234,0.09225993594128681,0.8226039783001807,0.014044734533626603,0.8877811149475923,0.011487781905394328,0.9334384555007498,0.016867462697050476,0.05873820132129624,0.007199203979248871,0.0325906607261544,0.00427233597014264,0.07034358047016272,0.013809943455065513,0.006713259094709605,3,LABNorm,GreenChannel,nenhum,Unsharp1.5,-0.037725397487600176,1.4868858662887746e-07,2.5442031259106063e-05,-3.754952025867327,4.862116782764293e-05,3.433571779582512e-07,0.007225536877586122,5.009989032186981e-05
LABNorm_Grayscale_Unsharp1.5,274,0.8743823297640569,0.01611362907533924,0.8808278867102397,0.02778762504577876,0.6617021276595745,0.09339108778088806,0.8435804701627486,0.013830975172494004,0.9032196936650456,0.009987900810679505,0.9277416927653453,0.017283308498402716,0.05661449982114528,0.008431813341424066,0.031196935132375692,0.004840287080911272,0.06184448462929472,0.013526843787991155,0.009987330772840246,3,LABNorm,Grayscale,nenhum,Unsharp1.5,-0.037866777916840455,1.3660763756128594e-05,5.75833455047875e-05,-2.886426829252039,0.002786795806250233,2.1115427848854683e-05,0.0152020032132639,0.00010612315277324619
Retinex_GreenChannel_AHE40.0_Morpho,275,0.8741853242479024,0.021113849052449073,0.8895424836601308,0.03172244298623925,0.6031914893617021,0.1194198625280527,0.8408679927667271,0.011625859868587064,0.9025534454103019,0.008959520630732526,0.9173025920802902,0.020560970980856776,0.05404435855785582,0.007919074499063872,0.030145540814832377,0.004632584144694803,0.06600361663652798,0.01696888277306721,0.013086499223030493,4,Retinex,GreenChannel,AHE40.0,Morpho,-0.03806378343299499,0.00019605338570771223,0.0011141762858597514,-2.337451965641202,0.027392753553989176,0.0002579649811943582,0.15691590593329507,0.0014693838632324702
BenGraham_Grayscale_AHE40.0_Otsu,276,0.8741551939924905,0.014382610042597922,0.7701525054466231,0.05565158943113205,0.8085106382978724,0.07555771543497344,0.7766726943942134,0.03729648808754968,0.8502990383235339,0.03081589132763323,0.9524826547316201,0.015674241208467835,0.04777491477710521,0.005136339864456373,0.026064819464456927,0.0030047855462344048,0.06075949367088603,0.010923333371982457,0.008914434060793675,4,BenGraham,Grayscale,AHE40.0,Otsu,-0.038093913688406866,3.481292014264344e-06,4.888117176566634e-06,-3.1557990911580776,0.0008916282381979603,6.255446588131242e-06,0.0016228549026201225,1.1519128592318913e-05
HistogramEq_Grayscale_Median,277,0.8741343345848979,0.011187949821600356,0.8712418300653596,0.030178639311325164,0.6691489361702128,0.0725781797335254,0.8368896925858952,0.017897377755173575,0.8984405556484809,0.012957351641941551,0.928289147594381,0.013365314946641718,0.06383430255539044,0.0039115787612568715,0.03549108012796376,0.002284817297505821,0.08065099457504515,0.013348388702270196,0.006934363141650596,3,HistogramEq,Grayscale,nenhum,Median,-0.03811477309599953,1.8257307794573155e-07,6.224295277227026e-05,-3.721989159120773,5.915367725441702e-05,4.1658539610633194e-07,0.01636989657910708,0.00011434408256886711
Retinex_MaxGreen2.0_CLAHE4.0,278,0.8739999072915218,0.010237363992436752,0.8043572984749456,0.040431409881174885,0.798936170212766,0.05434910542316937,0.8034358047016275,0.0257864183652221,0.8711941129915253,0.02026707845182893,0.9517982750548464,0.01050636365293615,0.06360673532169961,0.004460405474000168,0.03509874429265906,0.002569800084241204,0.08535262206148278,0.010115094376565664,0.006345183940649803,3,Retinex,MaxGreen2.0,CLAHE4.0,nenhum,-0.038249200389375626,6.855381178264798e-08,2.2128310633458326e-05,-3.930846317020588,2.3513957441448257e-05,1.6917786169537594e-07,0.006439338394336373,4.464483724294224e-05
LABNorm_MaxGreen2.0_CLAHE4.0_Unsharp1.5,279,0.8739755713159969,0.008957673441413875,0.8769063180827887,0.04481702659583252,0.6617021276595745,0.06963368912699901,0.8403254972875226,0.026984433679864115,0.9006281825130669,0.020207888549536184,0.9273469995756359,0.011358027734300167,0.05545926116986664,0.004134219806559451,0.03032265573715629,0.0023903998514022955,0.06419529837251352,0.010202719035449543,0.005552023519729873,4,LABNorm,MaxGreen2.0,CLAHE4.0,Unsharp1.5,-0.038273536364900496,2.2072723258678455e-08,3.949414082803722e-05,-4.216301234772561,8.211053052228385e-06,6.221478369480446e-08,0.010939877009366309,7.59502708231485e-05
Gamma0.8_MaxGreen2.0_CLAHE4.0_Morpho,280,0.8738677977101006,0.016634543946534647,0.8784313725490197,0.03290970486696754,0.6638297872340425,0.07113443357798489,0.8419529837251357,0.01776288570569443,0.901957613162991,0.013185484816860726,0.9277992988585296,0.012028702374228227,0.06266391737537276,0.004018314141770285,0.03464913840198255,0.0024330661461489655,0.06401446654611206,0.008907994310746811,0.01031019715500627,4,Gamma0.8,MaxGreen2.0,CLAHE4.0,Morpho,-0.038381309970796806,1.6770481459100893e-05,0.00018417576350024392,-2.855738458087609,0.0033876372547383803,2.5783494221879716e-05,0.041071195260554395,0.00030000301420011403
Retinex_GreenChannel_AHE40.0_Otsu,281,0.8738191257590507,0.012221993478575057,0.8124183006535948,0.05711266172213484,0.7659574468085106,0.141755291427707,0.8045207956600361,0.026030432764162895,0.872547518819391,0.022224179428029022,0.9465986871339188,0.026767452444292204,0.043158420206593204,0.004377170387827788,0.02343102602073133,0.002596727536495934,0.05696202531645563,0.006278681933694912,0.007575270040244218,4,Retinex,GreenChannel,AHE40.0,Otsu,-0.038429981921846657,4.494580204734953e-07,2.106638640077477e-05,-3.5533105145864092,0.00013663523822394258,9.501410359274258e-07,0.006151384829026233,4.26520147198785e-05
BenGraham_GreenChannel,282,0.8736452973624438,0.010499658951815021,0.8108932461873639,0.03198321720473087,0.7851063829787234,0.04337272298275364,0.8065099457504521,0.02028041451628778,0.8740220627932219,0.015956585884547295,0.9488335894775449,0.008285590506095777,0.05879296048025284,0.005925412497077917,0.032580268857513264,0.00341357449324223,0.0737793851717902,0.014461522133456799,0.00650775604077147,2,BenGraham,GreenChannel,nenhum,nenhum,-0.03860381031845361,7.722136670425754e-08,1.9056321921072456e-05,-3.911511369054327,2.633248604615182e-05,1.8882963201622864e-07,0.005602558644795302,3.885597554828604e-05
BenGraham_Grayscale_CLAHE4.0_Median,283,0.8733694896398276,0.011318506510684516,0.8777777777777779,0.02220489069300465,0.6159574468085106,0.05616958592672655,0.8332730560578663,0.011525418592132228,0.8972163314901653,0.008581073648194923,0.9180245737016947,0.009393262839150549,0.07099417624665191,0.00732129809226979,0.03968470254361533,0.00432767433676143,0.0877034358047016,0.008786847340032114,0.0070152830159007674,4,BenGraham,Grayscale,CLAHE4.0,Median,-0.03887961804106976,1.5719543125341955e-07,7.378663532733073e-05,-3.7703583087465904,5.124571058861477e-05,3.61549491882865e-07,0.01911073854977866,0.0001338401113981551
BenGraham_GreenChannel_Gaussian,284,0.8732999582811848,0.009839379261280626,0.8642701525054466,0.02247871493507966,0.6563829787234042,0.0671047174681749,0.8289330922242314,0.012706930047548049,0.8933615276460347,0.009251066663896999,0.9250569111353972,0.01246683934498225,0.07177486169044658,0.00659584656050784,0.04009779415278808,0.003992497670467109,0.0877034358047016,0.02055181087550612,0.006098510448662867,3,BenGraham,GreenChannel,nenhum,Gaussian,-0.03894914939971261,3.6043405528389926e-08,4.5491743628384315e-05,-4.0899975318737996,1.3119799612333933e-05,9.775923669256702e-08,0.012298317118797081,8.548285158928426e-05
BenGraham_MaxGreen2.0_CLAHE4.0_Morpho,285,0.8731979789551755,0.014988017985994837,0.914161220043573,0.027847345734104523,0.5840425531914895,0.07743985888336873,0.8580470162748643,0.01307475103284136,0.9143047290651654,0.00953779105538955,0.9152046536635234,0.012568346365627269,0.05096892824149228,0.008574327147229563,0.02782227181563373,0.004814447285077195,0.06003616636528024,0.012978524689414614,0.009289669791673413,4,BenGraham,MaxGreen2.0,CLAHE4.0,Morpho,-0.03905112872572192,4.220762756715496e-06,0.0002610658685263659,-3.140700459666874,0.0010172038243684346,7.2445927913773446e-06,0.05202666587647743,0.0003981773856834493
HistogramEq_CLAHE4.0_Unsharp1.5,286,0.8727761553794094,0.012248136386348071,0.943355119825708,0.02549009262859004,0.4297872340425532,0.11666612774455709,0.8560578661844485,0.007868435863571197,0.915760365580345,0.005375743446642942,0.8905647448999293,0.017898604667372465,0.059522029618798565,0.0056119551729703395,0.03276167249358054,0.003309262402126628,0.07251356238698006,0.010455979132853762,0.007591473582355817,3,HistogramEq,nenhum,CLAHE4.0,Unsharp1.5,-0.03947295230148795,3.215286908509285e-07,2.31878574174927e-05,-3.644765577015149,9.999542285463876e-05,6.976565933557882e-07,0.006669114561745879,4.61350104327277e-05
BenGraham_CLAHE4.0,287,0.8726927177490381,0.011694667120880048,0.8267973856209151,0.03776674471320199,0.7021276595744681,0.0932833080706802,0.8056057866184447,0.018816746568761856,0.8755655857762878,0.015511264306872283,0.9322253350352794,0.017904821458087947,0.049046827341315005,0.006093452487363894,0.026790450985076743,0.003461809683373233,0.05840867992766722,0.01250081520630985,0.0072484297775750675,2,BenGraham,nenhum,CLAHE4.0,nenhum,-0.03955638993185928,1.800645623486848e-07,1.5629495769630578e-05,-3.760222932628159,5.852098276332256e-05,4.124984994043576e-07,0.004688848730889174,3.254368561418479e-05
BenGraham_GreenChannel_AHE40.0_Otsu,288,0.8725188893524314,0.01273301462524618,0.7912854030501089,0.054449767543291644,0.7851063829787235,0.09773348151366684,0.7902350813743219,0.029908707004352702,0.8614045581312559,0.02522724295024339,0.9488496207898753,0.020326875212020718,0.055356109495883855,0.005877642021318919,0.030313466469025552,0.003338720669315556,0.076130198915009,0.012008649342411555,0.007892004228418596,4,BenGraham,GreenChannel,AHE40.0,Otsu,-0.039730218328466016,4.72455912929287e-07,4.1881733944318825e-07,-3.577323026941947,0.0001422092297917154,9.878623633976003e-07,0.00016710811843783212,1.3605648032758941e-06
Retinex_MaxGreen2.0_AHE40.0_Morpho,289,0.8724957122328837,0.015588741579830569,0.8751633986928103,0.04039552275255051,0.6106382978723405,0.10909083287985108,0.8301989150090415,0.02097527935359252,0.8949841327686503,0.015852687628687127,0.917477071875008,0.019192681207353852,0.040989671812814946,0.010444094717587069,0.02239181316710588,0.005939494006952082,0.04267631103074136,0.018286977012886094,0.009662002132615082,4,Retinex,MaxGreen2.0,AHE40.0,Morpho,-0.039753395448013706,5.45321418951905e-06,0.0001494621400267869,-3.1062483438698205,0.0012760521203474577,9.168415669513023e-06,0.03482467862624135,0.0002505560656425728
BenGraham_Grayscale_AHE40.0_Median,290,0.8723636026514626,0.01660731501119358,0.8610021786492374,0.05153374120655882,0.647872340425532,0.15949170430547943,0.8247739602169982,0.018607039408984113,0.8902355287988731,0.015806848391186585,0.9248126987553882,0.026694092948732644,0.06081359815829927,0.00822191386496136,0.033649818206572354,0.004833284623484187,0.07540687160940322,0.014290927191771325,0.01029332048603418,4,BenGraham,Grayscale,AHE40.0,Median,-0.039885505029434776,1.0889760612955488e-05,0.00012636978203121605,-2.9713818308612368,0.002313841962410162,1.7202231737498368e-05,0.030581487251554285,0.00021755276846691386
LABNorm_Grayscale_AHE40.0_Otsu,291,0.872319566124322,0.006741027136305742,0.8431372549019608,0.05242860028403791,0.6617021276595745,0.1133421205728963,0.8122965641952984,0.026174500267640927,0.8810199276057775,0.02167655920918055,0.9255099897687191,0.020363558542636225,0.04672860411649204,0.007240755941246786,0.02568838196776636,0.004202689657055707,0.04990958408679924,0.014843393824348529,0.004178131905866781,4,LABNorm,Grayscale,AHE40.0,Otsu,-0.039929541556575354,4.679211259209637e-09,2.1898308803215926e-06,-4.952572391703049,1.8950805599799027e-06,1.573418990669907e-08,0.0007708204698732005,5.6212176615398015e-06
Retinex_AHE40.0,292,0.8721990451026747,0.01873018302423299,0.8823529411764707,0.027094783015508574,0.6404255319148936,0.07765876485215469,0.8412296564195298,0.02125660834323443,0.9020632261518144,0.014107065844238025,0.9232864846180935,0.014930902403217575,0.04626798991581363,0.004807312878330629,0.02542016553592925,0.002795594214796772,0.05370705244122961,0.009378880636448417,0.01160908771228581,2,Retinex,nenhum,AHE40.0,nenhum,-0.040050062578222745,3.841257200503067e-05,0.00020066879375661115,-2.714455761389795,0.007102418982744401,5.634497169105264e-05,0.04436032961140464,0.00032502691946493357
HistogramEq_Grayscale_CLAHE4.0_Unsharp1.5,293,0.8721156074723033,0.01664505952039153,0.8191721132897604,0.04369385317789785,0.7468085106382979,0.06872483146312422,0.8068716094032549,0.027855667514965415,0.8750907459127409,0.021731232618351103,0.9411072127661166,0.013613193868898775,0.05435960243429132,0.007319532555727216,0.02990221379186122,0.004228643945581482,0.07323688969258588,0.012850515735580392,0.010316714775207396,4,HistogramEq,Grayscale,CLAHE4.0,Unsharp1.5,-0.040133500208594075,1.044543636334177e-05,6.506439625635078e-05,-2.9846638910614103,0.0022353233817551388,1.65915080356948e-05,0.017046871819163905,0.0001191465855012793
HistogramEq_MaxGreen2.0_CLAHE4.0,294,0.8720924303527559,0.011934754093675996,0.8906318082788671,0.03753632728562429,0.6148936170212765,0.11030592008698857,0.8437613019891501,0.01637945540617603,0.9041306329252763,0.012776943084065887,0.9196401510803369,0.01911293250959113,0.057630767565499084,0.005480038631435714,0.031821541065870367,0.0032076519589216918,0.07848101265822781,0.010447288266808089,0.007397237225006803,3,HistogramEq,MaxGreen2.0,CLAHE4.0,nenhum,-0.04015667732814154,1.8608341580117978e-07,1.0644069107755228e-06,-3.769284300492886,6.010494330378107e-05,4.228136922328243e-07,0.0003917017431653924,2.942471027384258e-06
Grayscale_Unsharp1.5,295,0.8720275344180226,0.010839748545045245,0.8745098039215685,0.029556205035494474,0.6659574468085107,0.06445712208511636,0.8390596745027125,0.01832270542925942,0.8999975176445141,0.013059701000584189,0.9277799121958816,0.011095734686676373,0.05992910971825962,0.008608042557148442,0.03317293348860907,0.0049787310339004685,0.06835443037974678,0.015667454221853887,0.0067185457545044965,2,nenhum,Grayscale,nenhum,Unsharp1.5,-0.04022157326287479,5.966991517736832e-08,1.1147291339785183e-05,-4.001574337475408,2.088447031207891e-05,1.5181504967693267e-07,0.003489102189352762,2.4371454450100684e-05
HistogramEq_Grayscale_AHE40.0_Otsu,296,0.8711004496361193,0.008263741945230956,0.8446623093681918,0.04756634346537649,0.676595744680851,0.08775431543961663,0.8160940325497288,0.02631639853082309,0.8834562782994292,0.02033426210769179,0.9281389527357058,0.014273157144217912,0.045403473061187014,0.006279724145485235,0.02480821436368227,0.0036309151506894602,0.05063291139240502,0.014960426336336175,0.005121920322388846,4,HistogramEq,Grayscale,AHE40.0,Otsu,-0.041148658044778075,4.541760978610973e-09,6.359431143024934e-07,-4.706900543629851,1.8439549573160551e-06,1.5361838604125352e-08,0.0002442021558921575,1.8999375577260637e-06
LABNorm_MaxGreen2.0_AHE40.0_Median,297,0.8710239651416123,0.007867840702148004,0.8799564270152505,0.024464979588025796,0.6404255319148936,0.06798899836145739,0.839240506329114,0.01062830417161721,0.9007291945778947,0.008290613178481187,0.9231701906886395,0.011503023824166375,0.05580823324784051,0.00280801382214711,0.0305878960265628,0.0017134829618706579,0.05732368896925853,0.010918342889712383,0.004876538189688561,4,LABNorm,MaxGreen2.0,AHE40.0,Median,-0.04122514253928511,3.616067999216696e-09,2.168484245106509e-06,-4.817363537816266,1.4898200156772788e-06,1.2634553693598547e-08,0.0007654749385225977,5.5913831432118505e-06
BenGraham_MaxGreen2.0_Otsu,298,0.8710239651416123,0.012466349989169572,0.7917211328976035,0.03339332273553194,0.8042553191489361,0.06580857140233781,0.7938517179023508,0.01942013706279326,0.8640928873055861,0.015808026245081166,0.9523754621537412,0.013308888785259279,0.04312819330750299,0.006122562063498691,0.02346084534584544,0.0035760048963807225,0.04773960216998186,0.010687961547583594,0.007726723774619886,3,BenGraham,MaxGreen2.0,nenhum,Otsu,-0.04122514253928511,2.216405783907576e-07,1.1531520698300835e-06,-3.763538931811812,7.00384227714794e-05,4.901666637487909e-07,0.0004232068096276407,3.172547560537311e-06
HistogramEq_MaxGreen2.0_AHE40.0_Morpho,299,0.8707898762341817,0.009863869427836163,0.9115468409586056,0.02051995121272256,0.5946808510638297,0.05317966771707082,0.8576853526220616,0.0103722462203978,0.9139488901298181,0.007406973739428461,0.9167545125140044,0.008712755785008118,0.05264677981039305,0.0055676426172339265,0.02870505777877469,0.003170193836491738,0.05533453887884262,0.011600831077728194,0.006113689611154973,4,HistogramEq,MaxGreen2.0,AHE40.0,Morpho,-0.041459231446715705,1.4401359563071888e-08,8.362099052862555e-06,-4.347798218120007,5.4437139148411735e-06,4.182213004427442e-08,0.0027176821921803306,1.9156203009545695e-05
LABNorm_MaxGreen2.0_CLAHE4.0_Morpho,300,0.8706322718212581,0.014316161728867202,0.8708061002178649,0.018142333707574575,0.6734042553191489,0.054487751325548985,0.837251356238698,0.010509702094130602,0.8987411958419615,0.007429698384597448,0.9288940479893284,0.01007658299479932,0.06267963423302987,0.004987878212299736,0.034698814704164235,0.0030199759109311706,0.0679927667269439,0.0071929759566853975,0.008873248969252638,4,LABNorm,MaxGreen2.0,CLAHE4.0,Morpho,-0.04161683585963927,1.1232344624241083e-06,1.3622986695629513e-05,-3.4589830307425693,0.00032012182179087085,2.2169649593235485e-06,0.004182256915558261,2.911976710032331e-05
BenGraham_GreenChannel_CLAHE4.0_Morpho,301,0.8705743290223891,0.015388117238955702,0.8673202614379084,0.03927548629174361,0.6340425531914893,0.13326918631976742,0.8276672694394213,0.014034382783899804,0.8927981986244772,0.011662175769090241,0.9219349357348128,0.024428879234759164,0.05291383679144803,0.0075233057319753095,0.029037637851665538,0.0042347696165997714,0.056962025316455646,0.011539595972921445,0.009537653877853101,4,BenGraham,GreenChannel,CLAHE4.0,Morpho,-0.04167477865850833,2.7050116901950986e-06,3.4155841372043374e-05,-3.287718029391942,0.0007033030394507256,4.922094056525892e-06,0.009495323901428057,6.590472747961389e-05
Gamma0.8_Grayscale_AHE40.0_Otsu,302,0.8703448755388681,0.006846566708251783,0.8640522875816993,0.05073337670246767,0.597872340425532,0.1408475641112784,0.8188065099457505,0.020807450073985573,0.8872233022524695,0.018267186745773715,0.9148903924354977,0.025988183152032725,0.04490695846505891,0.0073547787169891,0.02456419391857023,0.0042469200596553245,0.05334538878842672,0.014647501965307874,0.004243546010270005,4,Gamma0.8,Grayscale,AHE40.0,Otsu,-0.04190423214202932,2.28506485163247e-09,2.8143743183868263e-06,-5.169067883332457,9.642973673889024e-07,8.531897984991366e-09,0.0009625160168882946,6.915663389198398e-06
LABNorm_MaxGreen2.0_AHE40.0,303,0.8703124275715014,0.012848048535636645,0.8712418300653596,0.029291828944365068,0.6659574468085107,0.10156959424813408,0.8363471971066907,0.013404072307376193,0.8981880992478999,0.010042008824525097,0.9279897005577264,0.018438355447845917,0.05526505888073344,0.006186046673004123,0.030456994293446782,0.0038045421532874823,0.06600361663652798,0.010655617558567634,0.007963302984756553,3,LABNorm,MaxGreen2.0,AHE40.0,nenhum,-0.041936680109395996,2.574185336248819e-07,3.52271056924997e-08,-3.7536720058113993,8.031458249096316e-05,5.606653667966178e-07,1.6627193886859857e-05,1.947652478191089e-07
HistogramEq_GreenChannel_Unsharp1.5,304,0.8699624530663328,0.012355867132988214,0.8642701525054466,0.040564891293751494,0.6712765957446808,0.09414876921623751,0.8314647377938517,0.019303791586496078,0.8944827296500373,0.015142485890096848,0.9286230301005267,0.016176532353326015,0.059183450062403595,0.006032134101237982,0.03271928202865877,0.0035086090350742033,0.07305605786618441,0.011600831077728193,0.00765824579090484,3,HistogramEq,GreenChannel,nenhum,Unsharp1.5,-0.0422866546145646,1.3993270539294835e-07,2.597685142930633e-06,-3.88269650142253,4.603786007428001e-05,3.2575427368803767e-07,0.0008936036891681377,6.438228263728939e-06
Grayscale_AHE40.0_Otsu,305,0.8697376350067214,0.010176946542109653,0.8405228758169935,0.059450472542372394,0.6574468085106383,0.1299828003773729,0.8094032549728751,0.029085893479554224,0.8788845072949828,0.024057235242972298,0.9248498084278184,0.02315598982368424,0.04517106460423055,0.00966558472748717,0.02476715447324177,0.0055909684471853426,0.05280289330922237,0.018437359360146816,0.0063077368169728735,3,nenhum,Grayscale,AHE40.0,Otsu,-0.04251147267417599,1.3378278447507927e-08,4.571617376018715e-06,-4.383174934369645,5.075707800415617e-06,3.904827465643177e-08,0.001522348586214232,1.0817613132554573e-05
BenGraham_GreenChannel_CLAHE4.0_Otsu,306,0.8694548741482409,0.0130999064859172,0.8187363834422658,0.05040590642167307,0.7159574468085107,0.0885886294869865,0.8012658227848102,0.02997484121900154,0.8717069269092048,0.023950891433164083,0.9346807040218291,0.01722562386384028,0.05449008855985906,0.005863187876557382,0.029774330176578927,0.003293387815542553,0.07233273056057862,0.015485512451675867,0.00811940615961932,4,BenGraham,GreenChannel,CLAHE4.0,Otsu,-0.042794233532656545,2.520196345754353e-07,2.3801502022358225e-06,-3.7812549601001084,7.888214562211126e-05,5.509934976459137e-07,0.0008235319699735946,5.950375505589556e-06
MaxGreen2.0_CLAHE4.0_Morpho,307,0.8693946136374171,0.009325241076144367,0.8657952069716777,0.03378584788351412,0.672340425531915,0.06178766387127519,0.8329113924050633,0.019572951168272353,0.8955667983571967,0.014363869249247268,0.9284631182431262,0.01022985182170531,0.06280733923090577,0.00567547054507876,0.03478312636281741,0.00343453600075292,0.06636528028933089,0.009183139553279401,0.00577984430003207,3,nenhum,MaxGreen2.0,CLAHE4.0,Morpho,-0.042854494043480296,5.276480084908834e-09,3.530344759829889e-07,-4.627543396361547,2.1053155538786247e-06,1.7141107620466552e-08,0.00014215841434014786,1.166636917759877e-06
Gamma0.8_MaxGreen2.0_AHE40.0_Median,308,0.8693482593983219,0.014016183848679477,0.872549019607843,0.030900487017274186,0.647872340425532,0.08634587937339191,0.8343580470162749,0.014115697311355245,0.8971721308282538,0.010789741463071946,0.9242874541184418,0.014845745116922549,0.056904958244269464,0.003439783424113124,0.03130393069631268,0.0019844231122505833,0.05840867992766722,0.00865351617649578,0.008687320752836425,4,Gamma0.8,MaxGreen2.0,AHE40.0,Median,-0.042900848282575454,5.855999403812191e-07,6.640263026087036e-06,-3.619222817481535,0.00017275198241245964,1.1982916929508931e-06,0.0021780062725565478,1.5395771129032442e-05
Gamma0.8_Grayscale_Unsharp1.5,309,0.8692045612571271,0.01173732930026956,0.8766884531590413,0.028851911798597328,0.676595744680851,0.043776735778754475,0.8426763110307414,0.021733280744207276,0.9022379285230006,0.015081801081312235,0.9298697074285623,0.008116150989497684,0.06040769768072417,0.009029374514247608,0.03348031456125189,0.005203138891978456,0.06889692585895113,0.014527948853278126,0.007274872070311308,3,Gamma0.8,Grayscale,nenhum,Unsharp1.5,-0.043044546423770313,5.715379069268908e-08,1.0990649930467046e-05,-4.0825969888388185,2.0118134323826557e-05,1.4671173950132244e-07,0.0034510640781666526,2.4120701183276914e-05
LABNorm_GreenChannel_AHE40.0_Unsharp1.5,310,0.8689357066703749,0.014320356968914857,0.842483660130719,0.03826340484223255,0.7042553191489362,0.07418046448222908,0.8189873417721518,0.02314914215079358,0.8850232580697664,0.01738750219481124,0.9334941463038902,0.013433223544131609,0.04487290217164025,0.006180730694393403,0.02452031991901388,0.0034823355826560987,0.05497287522603972,0.008617753345707798,0.008875849205973459,4,LABNorm,GreenChannel,AHE40.0,Unsharp1.5,-0.0433134010105225,6.847105497461665e-07,0.00019982130455587676,-3.5992463383651057,0.00019925076997613444,1.3814335652773534e-06,0.04436032961140464,0.00032456850316279416
Retinex_GreenChannel_Unsharp1.5,311,0.868917164974737,0.01699248398043157,0.8183006535947712,0.04489873715097765,0.7446808510638298,0.12170923618248597,0.8057866184448462,0.01953578965541135,0.8744001694385748,0.016853275626436102,0.9415523077746206,0.023454641010718636,0.06137487646702896,0.006838693066512519,0.034094604165994614,0.003976406237395394,0.07631103074141045,0.014385951913370753,0.010532050686489209,3,Retinex,GreenChannel,nenhum,Unsharp1.5,-0.043331942706160365,5.725692761974853e-06,8.765710148404392e-05,-3.171684702524767,0.0013340864135401409,9.598464542669214e-06,0.022440217979915245,0.00015750885422914144
GreenChannel_AHE40.0_Unsharp1.5,312,0.8689125295508274,0.013550433122563746,0.855119825708061,0.029035036749025137,0.6776595744680851,0.08481777304916029,0.8249547920433997,0.017631489462698623,0.8900443939867644,0.012638299083254211,0.9288684907593548,0.015656632031752667,0.046129822348221376,0.0058801420314749785,0.025215539717447562,0.0033024528937761607,0.05424954792043394,0.009338115361560982,0.008398645462021442,3,nenhum,GreenChannel,AHE40.0,Unsharp1.5,-0.04333657813006997,3.313620944746902e-07,1.255136473252683e-05,-3.742475408893461,0.00010272224928715396,7.162902418155897e-07,0.0038978175851196845,2.693515683358998e-05
HistogramEq_GreenChannel_CLAHE4.0_Otsu,313,0.8688476336160942,0.010907953729565066,0.8004357298474944,0.05607594664544609,0.7436170212765958,0.10596252610609933,0.7907775768535262,0.029872848511799943,0.8630754031188144,0.02429884566309588,0.939922316209892,0.019126358252460507,0.042127376194053365,0.004629968787155236,0.02294990237090319,0.00267138839109644,0.050994575045207914,0.008643013057955375,0.0067608197658421765,4,HistogramEq,GreenChannel,CLAHE4.0,Otsu,-0.043401474064803214,2.0926440930489035e-08,1.253780733514298e-05,-4.302175266245024,7.80556246707241e-06,5.927440165039998e-08,0.0038978175851196845,2.693515683358998e-05
Gamma0.8_CLAHE4.0_Otsu,314,0.8688429981921846,0.008173158162912203,0.7969498910675381,0.06240223437467062,0.7585106382978724,0.11814951494567079,0.7904159132007234,0.032865766429393976,0.8620996043186315,0.027882656569332108,0.9435941403053677,0.0226760352627233,0.04158691683780133,0.005397066541014488,0.022707601402578888,0.003112813411099542,0.05027124773960212,0.007987591934166325,0.005065775912433617,3,Gamma0.8,nenhum,CLAHE4.0,Otsu,-0.04340610948871282,1.8817813960957622e-09,1.5677566808920325e-05,-4.989485740696358,8.016113003122407e-07,7.126589868129587e-09,0.004688848730889174,3.254368561418479e-05
HistogramEq_MaxGreen2.0_AHE40.0_Unsharp1.5,315,0.868590367589116,0.008681369227244724,0.918082788671024,0.036458667777285764,0.5,0.1107836833461937,0.847016274864376,0.012534195279633547,0.9085205602905022,0.010319179612605884,0.900537663169445,0.01711922648591708,0.047549673813680936,0.004570715680933147,0.025790329603,0.002629209090900315,0.06202531645569616,0.007235784173320136,0.005380768393529886,4,HistogramEq,MaxGreen2.0,AHE40.0,Unsharp1.5,-0.04365874009178139,2.360053538444279e-09,4.798742389908136e-07,-4.882281903438314,9.91222486146597e-07,8.650858269597711e-09,0.00018955032440137138,1.524462361434905e-06
BenGraham_AHE40.0_Otsu,316,0.8678510174755483,0.012437336798058621,0.7749455337690632,0.0406428233395163,0.8095744680851065,0.0792059201564986,0.7808318264014467,0.023044531388172147,0.8539337981168587,0.019367586439144692,0.9529890913877954,0.016232788087301105,0.04831379674944768,0.008019409668247074,0.026229210350560028,0.004498057801842558,0.056238698010849866,0.015980868785016807,0.007708741212464215,3,BenGraham,nenhum,AHE40.0,Otsu,-0.04439809020534913,7.75022489666608e-08,1.6454455864294886e-07,-4.059320416884869,2.635076464866467e-05,1.8882963201622864e-07,6.828599183682377e-05,5.876591380105317e-07
Retinex_MaxGreen2.0_CLAHE4.0_Morpho,317,0.867718907894127,0.01288377418742309,0.8555555555555555,0.04552687701422686,0.6457446808510638,0.08887206847543756,0.8198915009041592,0.024398525648074324,0.8869368200910961,0.01847058665505378,0.9226409669290858,0.01442045539182824,0.0603938926424075,0.0074392435854009,0.0332314125938175,0.004370587330693661,0.08209764918625674,0.015676727649254665,0.007985445973142241,4,Retinex,MaxGreen2.0,CLAHE4.0,Morpho,-0.04453019978677042,1.1850334962111933e-07,7.689844838926684e-06,-3.9784942770821856,3.946161542383274e-05,2.804091606261054e-07,0.002506889417490099,1.7686643129531374e-05
BenGraham_Grayscale_CLAHE4.0,318,0.8675728920409771,0.0075019916098390624,0.8455337690631808,0.014576883854720462,0.7,0.04507871938176089,0.8207956600361663,0.008371817024938734,0.8867367739727833,0.006124980430591803,0.9324204547956672,0.008597309230131146,0.05897208834099967,0.005209390463811789,0.03238022084234526,0.002947992583153662,0.0757685352622061,0.012742621736429083,0.004649782573014677,3,BenGraham,Grayscale,CLAHE4.0,nenhum,-0.0446762156399203,9.223554087866784e-10,8.924732336695152e-07,-5.323833906403639,4.104481569100719e-07,4.020041761057107e-09,0.0003311075696913901,2.5032785822437624e-06
BenGraham_GreenChannel_Median,319,0.8675103138181987,0.009156928968397825,0.8697167755991286,0.02423431066331353,0.6340425531914894,0.07625350386221623,0.8296564195298373,0.012551575729784568,0.8943469776168727,0.009124529447649146,0.9211078642259368,0.013795819776524271,0.06175919548530038,0.009169859770606406,0.03425804456186304,0.00533690874673543,0.07197106690777574,0.016437028361919202,0.005675523374852572,3,BenGraham,GreenChannel,nenhum,Median,-0.044738793862698745,2.32822770156049e-09,1.0591493744797244e-05,-4.875428346991271,9.801838623569662e-07,8.636973731595366e-09,0.0033469120233559292,2.3423495781763136e-05
Retinex_MaxGreen2.0_AHE40.0_Median,320,0.8674662772910583,0.016199091675621932,0.8840958605664488,0.023772913613177554,0.6361702127659574,0.05844074914738344,0.8419529837251357,0.013402716923146275,0.9026522998248685,0.00977469668975766,0.9225534402111503,0.010180879980389268,0.047964795509406286,0.0054668818414006825,0.026359873907547147,0.0032247509432291807,0.051898734177215154,0.011116214795631822,0.010040301041284403,4,Retinex,MaxGreen2.0,AHE40.0,Median,-0.0447828303898391,2.2042562822072777e-06,0.00013492125364583267,-3.3999972729663375,0.0005797194022205141,4.049352595109216e-06,0.03197633711406234,0.00022852235203870205
HistogramEq_MaxGreen2.0_CLAHE4.0_Median,321,0.8672646363509943,0.017858050408440733,0.8917211328976036,0.01888302324314352,0.6031914893617021,0.05740958429736904,0.8426763110307414,0.011016074070221262,0.9038631899618437,0.007588648824082334,0.9166980518198061,0.010059309117154445,0.06233585307537633,0.004704301479221547,0.03450601601140589,0.002707778688556616,0.07739602169981913,0.012347281619355645,0.011068534316711494,4,HistogramEq,MaxGreen2.0,CLAHE4.0,Median,-0.04498447132990313,6.828956552039432e-06,1.4465547598014447e-05,-3.1671643268708256,0.0015774889635211088,1.1381594253399054e-05,0.004411992017394406,3.0692582541912566e-05
BenGraham_GreenChannel_CLAHE4.0,322,0.8671974227043064,0.009784365280074163,0.8050108932461875,0.02839218271942572,0.7670212765957447,0.06566510366813177,0.7985533453887884,0.01724393687372026,0.8687800398335834,0.013836483756626314,0.9445144954921652,0.013554700695627657,0.05651630528922137,0.009457044584164671,0.03098033737083481,0.005413637741392105,0.07504520795660033,0.01772295410245831,0.0060644124298447075,3,BenGraham,GreenChannel,CLAHE4.0,nenhum,-0.045051684976590956,3.7092762408346236e-09,2.2962392897904938e-06,-4.744959014041615,1.5133847062605264e-06,1.2695439514761359e-08,0.0008013875121368824,5.816465161363586e-06
BenGraham_GreenChannel_AHE40.0_Median,323,0.8668289065034998,0.018228328680582502,0.8557734204793028,0.036423934202131324,0.6670212765957447,0.12335635330174295,0.8236889692585896,0.01814836554228402,0.8893333122105769,0.013599325855724941,0.92733784079041,0.022113423794989612,0.06016765008263394,0.009757287701552887,0.03320391700221546,0.005649432566771728,0.07522603978300177,0.015929631497681913,0.011298035167487267,4,BenGraham,GreenChannel,AHE40.0,Median,-0.045420201177397646,7.822172308697584e-06,0.00015248647983782913,-3.146169898054587,0.0017599887694569566,1.2814099935900602e-05,0.03522437684253853,0.0002541441330630485
BenGraham_Grayscale_Otsu,324,0.8664047652157789,0.0070537980932580185,0.8028322440087147,0.05142566040298953,0.7393617021276595,0.08365337668145709,0.7920433996383364,0.03043853206257408,0.8642378806540447,0.024800979876943234,0.938689640124891,0.015970703808558025,0.049366998909704765,0.005677466976885021,0.026845539458746293,0.003263036123811382,0.0578661844484629,0.010300185346977141,0.004371989353411035,3,BenGraham,Grayscale,nenhum,Otsu,-0.04584434246511848,5.863530832342547e-10,1.3806995238273195e-07,-5.594129381448824,2.691360652045229e-07,2.8816497680315933e-09,5.867972976266108e-05,5.257630637090786e-07
BenGraham_Otsu,325,0.8663931766560051,0.0070485224172788935,0.8028322440087147,0.05142566040298953,0.7393617021276595,0.08365337668145709,0.7920433996383364,0.03043853206257408,0.8642378806540447,0.024800979876943234,0.938689640124891,0.015970703808558025,0.04936658740749593,0.005679295947974794,0.026845199308342577,0.0032642243649894827,0.0578661844484629,0.010300185346977141,0.004368719455561985,2,BenGraham,nenhum,nenhum,Otsu,-0.04585593102489227,5.840836290969552e-10,1.3727821246588484e-07,-5.597093801633441,2.686784693845994e-07,2.8816497680315933e-09,5.8480518510466946e-05,5.257630637090786e-07
LABNorm_GreenChannel_CLAHE4.0_Unsharp1.5,326,0.8663839058081862,0.01610758858847345,0.8620915032679738,0.026265552009285594,0.6702127659574468,0.08346526451021147,0.8294755877034359,0.016770736974881302,0.8933938309465654,0.011806005928165247,0.9278331195196872,0.015844940102322607,0.04596096205605786,0.005457433348540432,0.025200241076667816,0.003144655907586677,0.056962025316455646,0.010023079655404403,0.00998358684029249,4,LABNorm,GreenChannel,CLAHE4.0,Unsharp1.5,-0.04586520187271115,1.5526312547595699e-06,0.00011742159685097046,-3.497102232019733,0.0004225812319898846,2.9367203009432653e-06,0.028885712825338732,0.000204598236937297
Retinex_Grayscale_Unsharp1.5,327,0.8662610670745841,0.0053351253469430615,0.8270152505446623,0.03492187392334624,0.725531914893617,0.0655405109341726,0.8097649186256781,0.018239230255131626,0.8779677672659801,0.014480637480703844,0.9369068431992831,0.0114157186541437,0.05912325931656646,0.006760355646019534,0.03280082943101126,0.003907198765771719,0.06889692585895113,0.013190948734586557,0.0033067449489718784,3,Retinex,Grayscale,nenhum,Unsharp1.5,-0.04598804060631334,1.154181744475203e-09,3.1780187412871277e-07,-6.1174489101198715,5.055316040801389e-07,4.8090906019800125e-09,0.00012870975902212867,1.0686320328889464e-06
BenGraham_Grayscale_AHE40.0,328,0.8659087748574607,0.019352052069628336,0.7967320261437909,0.06263211336918037,0.7446808510638298,0.17175717784840192,0.7878842676311031,0.026150196782864274,0.8607777543564665,0.02313642422640628,0.9415010618268489,0.030844154328536426,0.053497317750235376,0.007304637160206981,0.029237575397912392,0.004173624208906759,0.07070524412296561,0.010525247721634419,0.011994526139887383,3,BenGraham,Grayscale,AHE40.0,nenhum,-0.04634033282343675,1.254331354162234e-05,0.00020973521966623633,-3.0587027063465535,0.0026090092166574466,1.9598927408784904e-05,0.046141748326571995,0.0003381652294136131
BenGraham_GreenChannel_CLAHE4.0_Median,329,0.8658786446020489,0.013894200652761132,0.8490196078431372,0.026959164337873483,0.6638297872340425,0.06084428536036095,0.8175406871609404,0.016407159927523892,0.8851983774211455,0.012368090239868687,0.925319209325869,0.011287233834128508,0.06360689390509468,0.00453925125678163,0.03522763087844447,0.002580481634101677,0.0775768535262206,0.010628304171617206,0.008611714784704193,4,BenGraham,GreenChannel,CLAHE4.0,Median,-0.04637046307884851,1.906768553373709e-07,9.44408152381749e-06,-3.9358428382859176,6.11735879546998e-05,4.282780930429229e-07,0.0030221060876215967,2.121229248513694e-05
BenGraham_GreenChannel_AHE40.0,330,0.8658299726509989,0.013074271594187078,0.8006535947712419,0.03925936941401741,0.7606382978723405,0.11126504602650518,0.7938517179023508,0.020810942135783096,0.8653444190993536,0.016683250218753762,0.9434604654094043,0.021115750897831013,0.05340577927931147,0.009768665893039293,0.02909140494705898,0.005608262364424734,0.06853526220614824,0.01793084314779533,0.008103517489113277,3,BenGraham,GreenChannel,AHE40.0,nenhum,-0.04641913502989847,8.182348938436761e-08,8.472915442337746e-06,-4.106929622449463,2.7738162901300618e-05,1.9851690462452057e-07,0.00274522460331743,1.9333041187873827e-05
LABNorm_Grayscale_CLAHE4.0_Otsu,331,0.8657442173086729,0.004944068284206019,0.8152505446623094,0.05472029825461188,0.7287234042553191,0.11827716368906323,0.8005424954792044,0.026604753360473455,0.8707112468415223,0.022919539681880267,0.9379955898033174,0.022545380165667074,0.03914982465140835,0.005151150813180971,0.02139420061040418,0.002960129151322929,0.04466546112115728,0.009023490017992498,0.003064365270356374,4,LABNorm,Grayscale,CLAHE4.0,Otsu,-0.046504890372224494,1.4018042670083715e-09,5.710409131319712e-07,-6.299231046176161,6.069812476146248e-07,5.636625549159536e-09,0.00022366228036454168,1.7748568921669373e-06
MaxGreen2.0_AHE40.0,332,0.8651740601678023,0.014353143506603005,0.8673202614379084,0.0372351487338599,0.6553191489361703,0.1029224393399815,0.8312839059674502,0.019718133198602494,0.8948029128094721,0.014681704129930619,0.9255988045300807,0.01817233388856829,0.054184288057472586,0.005894366968509354,0.02981081700915908,0.003551090795995286,0.061844484629294705,0.008032950572131516,0.008896170512567816,2,nenhum,MaxGreen2.0,AHE40.0,nenhum,-0.0470750475130951,2.4428722802804164e-07,1.2680239666956089e-08,-3.9054975715330675,7.670618960080507e-05,5.361265500615418e-07,6.352800073145e-06,9.721517077999668e-08
Retinex_Unsharp1.5,333,0.8651647893199833,0.02276109363119999,0.8653594771241829,0.03294174001995026,0.6627659574468086,0.1140334229435031,0.8309222423146474,0.012506626836194357,0.8944850604370265,0.010095105965002158,0.9271939163484083,0.02173139722370466,0.06392503668233052,0.00416465018566219,0.03551291388236037,0.0023941369428060687,0.07613019891500901,0.007740409580466316,0.014107471990545123,2,Retinex,nenhum,nenhum,Unsharp1.5,-0.04708431836091409,5.909518343370756e-05,0.0003934652510946984,-2.7124760102876717,0.010046181183730284,8.369391742458583e-05,0.07200414095032981,0.0005756807108891897
HistogramEq_MaxGreen2.0_Median,334,0.8648843461734576,0.01250880424393431,0.857516339869281,0.026627494989870604,0.6808510638297872,0.04314015978934906,0.82748643761302,0.016065901144263015,0.8917263067070372,0.011883627720254909,0.9293837268714684,0.007031153853425538,0.06452403631792675,0.006033465413009918,0.03571832367933512,0.0035289397874091835,0.08155515370705241,0.012771103268913878,0.007753037194338524,3,HistogramEq,MaxGreen2.0,nenhum,Median,-0.047364761507439845,3.370829291497083e-08,5.555478663802152e-06,-4.31451780524895,1.2337235206879325e-05,9.229651631480109e-08,0.0018388634377185123,1.3038368292596887e-05
HistogramEq_AHE40.0_Otsu,335,0.8648681221897743,0.009474955894008024,0.8477124183006536,0.046528317734718716,0.675531914893617,0.10045542889514394,0.8184448462929476,0.023688279050723775,0.8851814895459083,0.018592655592448687,0.9283501930666505,0.01705094526817133,0.04597641516955076,0.005597714882246383,0.025208550302726052,0.003180840513473246,0.05207956600361657,0.010468134223552696,0.0058726385055216474,3,HistogramEq,nenhum,AHE40.0,Otsu,-0.04738098549112313,1.2468660004718842e-09,1.485795642162889e-06,-5.074856640181497,5.448804422062134e-07,5.157898922815348e-09,0.0005319148398943142,3.918956395613124e-06
Retinex_MaxGreen2.0_AHE40.0,336,0.8648611690539101,0.014811926538794427,0.8431372549019608,0.026781538002303238,0.6819148936170213,0.0792059201564986,0.8157323688969258,0.015425566032491627,0.8834996050693473,0.01164609891964863,0.9287928879675695,0.015031951664501522,0.04092595861013277,0.005152938810951027,0.022279462753932288,0.002972159624341072,0.04773960216998187,0.008743322176959006,0.009180527181946212,3,Retinex,MaxGreen2.0,AHE40.0,nenhum,-0.047387938626987314,3.4483334881536675e-07,4.866849379235104e-05,-3.843948829808649,0.00010551900473750222,7.343673169216143e-07,0.012994487842557727,9.056434928997362e-05
BenGraham_Grayscale_AHE40.0_Morpho,337,0.8648565336300005,0.023984601022786853,0.9028322440087146,0.030916696774275467,0.5276595744680851,0.13881518088430192,0.8390596745027125,0.011811885438375797,0.9029226563161515,0.008134066894092079,0.9043581026959151,0.02288350612081895,0.04959777940165453,0.008811147704936743,0.027263318819837713,0.005029731139984633,0.06238698010849904,0.01633614253510267,0.014865809728472462,4,BenGraham,Grayscale,AHE40.0,Morpho,-0.04739257405089692,9.221727878753943e-05,0.00037696678058032185,-2.609223814788408,0.014109243654493533,0.0001253544569806978,0.07011582118793987,0.0005557843559838079
Retinex_Grayscale_CLAHE4.0_Unsharp1.5,338,0.864851898206091,0.006830175183837593,0.8612200435729849,0.041882607403249617,0.6468085106382978,0.0939281312405294,0.8247739602169982,0.0211821241572187,0.890371190549167,0.016854978516505335,0.9234781020492957,0.01773268305170134,0.05323514183346545,0.004673378638580525,0.0293506822050097,0.0027209110622765723,0.06256781193490049,0.010165258099497448,0.00423338643818167,4,Retinex,Grayscale,CLAHE4.0,Unsharp1.5,-0.04739720947480641,3.5792335551689906e-10,1.5678546985250464e-07,-5.851642794718341,1.6832345532390717e-07,1.941565371907707e-09,6.537954092849443e-05,5.669914790263532e-07
Retinex_CLAHE4.0_Unsharp1.5,339,0.8639387196959163,0.019155830494649653,0.8745098039215687,0.027809442700702708,0.6372340425531915,0.09691301869457654,0.8341772151898734,0.011246195415909238,0.8973405841452455,0.00874280008342826,0.922425191827388,0.017398758613175365,0.05414656597974231,0.006346328118537126,0.029876398189743768,0.003703802828983093,0.06329113924050628,0.01567209162145874,0.011872906747699747,3,Retinex,nenhum,CLAHE4.0,Unsharp1.5,-0.04831038798498111,7.2433394484531666e-06,4.583290222233566e-05,-3.2153079203449977,0.001651481394247322,1.1968161445001639e-05,0.012329050697808291,8.584338364118242e-05
HistogramEq_Otsu,340,0.8638854123209567,0.01563726436220833,0.8056644880174293,0.053570952348447984,0.7414893617021276,0.10017965854261535,0.794755877034358,0.030927000680808437,0.8661113820487929,0.02563400454996971,0.9397117250974036,0.020222698730868443,0.04792222766417421,0.006779918131298156,0.026454259006012754,0.003967240889870527,0.05298372513562383,0.013930442210311542,0.009692076864716674,2,HistogramEq,nenhum,nenhum,Otsu,-0.04836369535994067,5.57442504594474e-07,4.286159720674795e-05,-3.770329706786577,0.00016556042386455877,1.1488510399348477e-06,0.011744077634648938,8.142031294753139e-05
HistogramEq_Grayscale_Otsu,341,0.8638807768970473,0.01563122173788292,0.8056644880174293,0.053570952348447984,0.7414893617021276,0.10017965854261535,0.794755877034358,0.03092700068080844,0.8661113820487929,0.025634004549969718,0.9397117250974036,0.020222698730868443,0.04792493032280598,0.006783556632046621,0.02645579538138872,0.003969259820467735,0.05298372513562383,0.013930442210311542,0.00968833160735772,3,HistogramEq,Grayscale,nenhum,Otsu,-0.048368330783850055,5.539029415207194e-07,4.290496490974263e-05,-3.771774003951377,0.00016506307657317438,1.1456625589007685e-06,0.011744077634648938,8.142031294753139e-05
BenGraham_AHE40.0,342,0.863788068418857,0.013434632667654605,0.8444444444444444,0.04081310394116712,0.672340425531915,0.0931214046080559,0.8151898734177216,0.020894576533616222,0.8830977153512711,0.016639816025599986,0.927249971031322,0.016123659512581816,0.05146654101187024,0.007905035881141687,0.028177955250956798,0.004522840697227369,0.06509945750452074,0.015648890880948976,0.008326871596468525,2,BenGraham,nenhum,AHE40.0,nenhum,-0.04846103926204037,6.627790205370941e-08,1.76446483303928e-05,-4.2096131665744965,2.2998432012637167e-05,1.6641831301695596e-07,0.005205171257465876,3.610559711735181e-05
LABNorm_GreenChannel_AHE40.0_Otsu,343,0.8637834329949474,0.014130816908554366,0.8498910675381264,0.041227734915087834,0.6287234042553191,0.12082263342207418,0.8122965641952984,0.01839790423390926,0.8821899613556721,0.01492028816735723,0.9191790996139707,0.022127781478657224,0.04560529974184088,0.007805282986312848,0.024944478945509142,0.0044774529218121265,0.048282097649186215,0.012788161740367218,0.00875837105945081,4,LABNorm,GreenChannel,AHE40.0,Otsu,-0.04846567468594998,1.346595196879368e-07,3.767255721798593e-06,-4.065412919242086,4.443764149701915e-05,3.147529423600149e-07,0.0012657979225243273,9.025716833475795e-06
BenGraham_AHE40.0_Morpho,344,0.8635400732396977,0.021306159695674096,0.874074074074074,0.026180076489411362,0.6085106382978723,0.094595148079269,0.8289330922242314,0.01931131889876753,0.8944298621070301,0.012576320939750816,0.9164593791205075,0.01725749851378545,0.05046939427444056,0.01000828679168568,0.02806889757963314,0.005850388712370339,0.05569620253164551,0.01392392016200691,0.01320569459460358,3,BenGraham,nenhum,AHE40.0,Morpho,-0.04870903444119967,2.1796966472374776e-05,0.00025128208707545944,-2.968421623737991,0.004294002395057831,3.3069276310331127e-05,0.051010263676318265,0.00038736514763643213
MaxGreen2.0_AHE40.0_Morpho,345,0.8633477031474529,0.01073500194945456,0.8954248366013072,0.022964979376676666,0.6,0.07475459910951127,0.8452079566003616,0.011694412839327584,0.9055872862282779,0.00831380409770606,0.9165768708380571,0.013085489858503104,0.048481541475377324,0.00407954454170919,0.026313198771124806,0.002316887240974926,0.04990958408679922,0.009228527647500722,0.0066536231419383335,3,nenhum,MaxGreen2.0,AHE40.0,Morpho,-0.04890140453344449,2.8373706642560834e-09,7.042232801434554e-09,-4.892551864801,1.1803461963305307e-06,1.0196800824670299e-08,3.6197076599373607e-06,6.531103001330433e-08
HistogramEq_MaxGreen2.0_Morpho,346,0.8632990311964029,0.008362879787065878,0.8708061002178649,0.01749111489114014,0.647872340425532,0.03963073353460569,0.8329113924050633,0.013073361506185372,0.896319220426436,0.009040459328610166,0.9236106568258396,0.007346274005398355,0.06064583143167457,0.004826370957638016,0.0335171722059718,0.0029011001032326223,0.07667269439421334,0.011970769463345557,0.0051833665933611744,3,HistogramEq,MaxGreen2.0,nenhum,Morpho,-0.048950076484494454,3.1043001004476006e-10,1.4643072933521133e-06,-5.569338078123457,1.468333947511715e-07,1.7329830657838546e-09,0.0005256863183134087,3.88007692938924e-06
Gamma0.8_GreenChannel_AHE40.0_Otsu,347,0.8630858016965652,0.013421240247696259,0.8553376906318084,0.04563274890636932,0.6095744680851064,0.12726989382391266,0.8135623869801085,0.021640297444250563,0.8834450584912741,0.01732672711133705,0.9159834760232064,0.02365690601553297,0.04529209444510559,0.006075273419509981,0.02480084324163357,0.0035018331309904834,0.04792043399638331,0.011284897665370143,0.008318570888580349,4,Gamma0.8,GreenChannel,AHE40.0,Otsu,-0.04916330598433216,5.3691413975185634e-08,2.274286706139292e-06,-4.273516698776154,1.90604519611909e-05,1.3969485536530198e-07,0.0007960003471487522,5.786348920487137e-06
BenGraham_MaxGreen2.0_AHE40.0_Morpho,348,0.8629027024521392,0.019959328917382203,0.8856209150326798,0.028392182719425747,0.6404255319148936,0.05511874958219986,0.8439421338155515,0.017698336027231056,0.9038470043990945,0.012463274360081072,0.9234771284732947,0.009027629037744074,0.045716184243014255,0.00905378360622639,0.02492846537323152,0.005080228293104725,0.05244122965641947,0.014887388830896289,0.012370920229688531,4,BenGraham,MaxGreen2.0,AHE40.0,Morpho,-0.04934640522875822,9.318663211294234e-06,0.0002267996594453151,-3.1755947807623204,0.002059424569696026,1.5056284156017673e-05,0.04762792848351617,0.0003563109403853994
Gamma0.8_MaxGreen2.0_AHE40.0_Morpho,349,0.8628795253325917,0.011430363855948946,0.8943355119825709,0.02762010204173807,0.601063829787234,0.06770171309232903,0.844484629294756,0.014740228162311601,0.9050138627041372,0.010665693928134221,0.9166590486276078,0.011244806359393449,0.0502774240929378,0.0034515045359938164,0.027336268135575142,0.0019507605738632678,0.05298372513562383,0.007953403197128735,0.007084612916775635,4,Gamma0.8,MaxGreen2.0,AHE40.0,Morpho,-0.049369582348305685,5.4335203403981315e-09,1.087128550286053e-05,-4.759236917026514,2.159332854462614e-06,1.7454045786195117e-08,0.003424454933401067,2.3950150054194655e-05
Retinex_MaxGreen2.0_CLAHE4.0_Unsharp1.5,350,0.8628679367728178,0.014467189665360616,0.8211328976034858,0.03724930981626654,0.7425531914893617,0.08492889293573165,0.8077757685352622,0.020495160070182806,0.8760374489464826,0.01638986879621738,0.9405035148729979,0.017341589803770256,0.05544389730824589,0.0035540233288349926,0.03030597890600592,0.0019894909677099456,0.06817359855334536,0.00660579539134297,0.00896685705410099,4,Retinex,MaxGreen2.0,CLAHE4.0,Unsharp1.5,-0.049381170908079586,1.4668573957984675e-07,2.3156647783839857e-05,-4.07384510162858,4.811292258218974e-05,3.4009798491295114e-07,0.006669114561745879,4.61350104327277e-05
MaxGreen2.0_AHE40.0_Median,351,0.8627126500718492,0.01353989171126746,0.8843137254901962,0.022511537439951324,0.623404255319149,0.07979905349807208,0.8399638336347197,0.01128489766537016,0.901610260958941,0.008093152763185552,0.9202197623222123,0.013932649218955479,0.05260301282952027,0.003415205691263362,0.028724867165425598,0.001996837670788478,0.04972875226039779,0.010344184630337863,0.008392111827609457,3,nenhum,MaxGreen2.0,AHE40.0,Median,-0.049536457609048234,5.489072070197146e-08,5.303758155129114e-07,-4.2801662661577,1.9376424407795927e-05,1.4153436952302057e-07,0.00020896807131208706,1.6756378786809013e-06
LABNorm_MaxGreen2.0_AHE40.0_Morpho,352,0.8621865294581189,0.011388757701126464,0.8941176470588236,0.02514009763069721,0.6159574468085106,0.05661556026306027,0.8468354430379748,0.015202545495403187,0.9063183946091744,0.010707230447435937,0.9193891846805744,0.009419792208327437,0.04987793633032363,0.004826778874711169,0.02716613436004135,0.002819060824849578,0.052079566003616594,0.008343559480650162,0.007058825154847189,4,LABNorm,MaxGreen2.0,AHE40.0,Morpho,-0.05006257822277849,4.195192945396854e-09,2.804461786809963e-08,-4.836722140878877,1.7074435287765197e-06,1.427358546510764e-08,1.3461416576687823e-05,1.6770229232850881e-07
Gamma0.8_MaxGreen2.0_AHE40.0,353,0.8620636907245167,0.01437025937912894,0.8786492374727668,0.03361134799459337,0.6308510638297873,0.11920907803308739,0.8365280289330922,0.014745157180393629,0.8990177108256449,0.010916578383074537,0.9218062524972218,0.020796844978516818,0.053857975603848106,0.006276752598159987,0.029526941872157254,0.0036652780215703073,0.061844484629294705,0.012317820156185478,0.008906779040267135,3,Gamma0.8,MaxGreen2.0,AHE40.0,nenhum,-0.05018541695638068,1.0794987184219994e-07,1.794963140380626e-07,-4.160026140474925,3.627115693897918e-05,2.58629901288604e-07,7.395248138368179e-05,6.293315888529634e-07
LABNorm_AHE40.0_Otsu,354,0.8614471793445511,0.010398198278898181,0.8422657952069716,0.044639572416530264,0.6542553191489361,0.11602303651760913,0.8103074141048825,0.018252174001789877,0.8800463605647915,0.0157930290194733,0.9238004567767113,0.020298315127520554,0.03912574636199131,0.00532047100896485,0.02133965795518683,0.0030036457676438947,0.04466546112115726,0.011782627089114858,0.006444870064178758,3,LABNorm,nenhum,AHE40.0,Otsu,-0.050801928336346336,1.0723031889589906e-09,5.995350209324889e-06,-5.175723436152732,4.707410999529969e-07,4.500542581397223e-09,0.0019724702188678887,1.3956786924541746e-05
AHE40.0_Otsu,355,0.861247856116442,0.01080128483320439,0.8389978213507625,0.05182611258488207,0.6670212765957447,0.11101613062293249,0.8097649186256781,0.02514075486475486,0.8791151284048654,0.02077159180438182,0.9262486508358785,0.01979200939648321,0.03974403377669536,0.0055755157605459895,0.02166774443286382,0.003154577613889935,0.04556962025316451,0.013200585707237856,0.0066947056989149255,2,nenhum,nenhum,AHE40.0,Otsu,-0.05100125156445545,1.594471821704209e-09,8.70414678559236e-06,-5.084509361185702,6.872173551545141e-07,6.248153977173941e-09,0.0028027352649607398,1.9704269298092943e-05
Retinex_MaxGreen2.0_CLAHE4.0_Otsu,356,0.8610879339915636,0.008672884122022644,0.8727668845315903,0.036832848797487806,0.5840425531914893,0.09909428378376715,0.8236889692585896,0.015724168126275546,0.8912094855674516,0.012459753373317804,0.9118806691705545,0.015887328812211263,0.035791820167573506,0.003179935327292275,0.01922872187190728,0.001741456097110833,0.03905967450271245,0.006217623608548592,0.005375509270827045,4,Retinex,MaxGreen2.0,CLAHE4.0,Otsu,-0.051161173689333816,1.856973219322913e-10,2.9548505440075406e-07,-5.723901880587041,8.913471452749982e-08,1.1122495844902864e-09,0.00011996693208670615,9.9943474282608e-07
HistogramEq_MaxGreen2.0_CLAHE4.0_Morpho,357,0.8609430769943911,0.011403772541936847,0.8928104575163399,0.020942248088362366,0.598936170212766,0.05284758804329541,0.8428571428571429,0.012336978110219523,0.9040430794683788,0.008673245950819529,0.9159458293360991,0.008638581404941597,0.055962598983690395,0.0042873274620417266,0.03069305999813482,0.0025039919152258726,0.0679927667269439,0.010956545164558667,0.007068131449597659,4,HistogramEq,MaxGreen2.0,CLAHE4.0,Morpho,-0.0513060306865063,2.942376816769695e-09,7.977289289651926e-07,-4.952902657902581,1.2210863789594234e-06,1.050848863132034e-08,0.00029994607729091243,2.2934706707749287e-06
BenGraham_MaxGreen2.0_CLAHE4.0,358,0.8608561627960878,0.01731446229315091,0.8640522875816993,0.019054014464613085,0.6617021276595745,0.06418341757020574,0.8296564195298373,0.012139549970029254,0.8937796762578388,0.008375925562239058,0.9260479022793267,0.012057617752180174,0.04867446854353966,0.005629707892654615,0.026474571119983907,0.0031208267371209846,0.06708860759493666,0.011323467635973318,0.010731614912261942,3,BenGraham,MaxGreen2.0,CLAHE4.0,nenhum,-0.05139294488480961,1.049134646372769e-06,4.5381243980801035e-05,-3.707261581374949,0.00030124921230998704,2.0873786216759246e-06,0.012298317118797081,8.548285158928426e-05
Gamma0.8_GreenChannel_AHE40.0_Unsharp1.5,359,0.8608306679645853,0.017849683398871087,0.8594771241830065,0.030591731691830812,0.652127659574468,0.07163647196426653,0.8242314647377939,0.019805465389096142,0.8900978397880065,0.014211391202709119,0.9238398747717949,0.012933575984479277,0.04564512448115103,0.0058947708159883035,0.02493380136683402,0.0033017120100474954,0.054611211573236826,0.009933870560314719,0.011063348390452369,4,Gamma0.8,GreenChannel,AHE40.0,Unsharp1.5,-0.0514184397163121,1.547916600695548e-06,0.00011103635347255679,-3.62149362314796,0.0004225812319898846,2.9367203009432653e-06,0.027730047592220128,0.00019471681277097842
BenGraham_MaxGreen2.0_AHE40.0,360,0.8607727251657163,0.02084223071013163,0.8320261437908497,0.0268100766424557,0.7063829787234043,0.05543722622939802,0.8106690777576853,0.015603550215515967,0.8792596519911846,0.011850834761245283,0.9329295124927566,0.010512988011716599,0.04767068027744241,0.00884925093331458,0.0259126622096451,0.0049543918355140605,0.06292947558770337,0.013006489653295903,0.012918148430294018,3,BenGraham,MaxGreen2.0,AHE40.0,nenhum,-0.05147638251518105,9.884639306648534e-06,0.00011107324276327117,-3.195623212772756,0.002144966729542732,1.5831943179172443e-05,0.027730047592220128,0.00019471681277097842
LABNorm_MaxGreen2.0_AHE40.0_Unsharp1.5,361,0.860633662448431,0.008353625010628894,0.9326797385620915,0.020111081622397158,0.4382978723404255,0.1083505981530083,0.8486437613019892,0.01331704961548216,0.9109365798996937,0.007856869119688003,0.8907341130029176,0.017405550553020042,0.044444340357553055,0.0033402588394135344,0.02403897743573295,0.0018655049600165327,0.05153707052441224,0.007042387851445396,0.005177630423496975,4,LABNorm,MaxGreen2.0,AHE40.0,Unsharp1.5,-0.05161544523246642,1.309933172901011e-10,1.292950841309307e-06,-5.8755351984438535,6.353175888569903e-08,8.277050268330565e-10,0.00047063410623658777,3.5037991163557814e-06
Grayscale_CLAHE4.0_Otsu,362,0.8605316831224215,0.016019506287300967,0.8291938997821351,0.041377769366610126,0.6882978723404255,0.10579625438682401,0.805244122965642,0.019625784746095897,0.8756049419226217,0.016696039200076417,0.9297008598254365,0.01998361447939531,0.04152917675972762,0.00526800825225876,0.02273507167353716,0.003048038447652791,0.04900542495479201,0.008795113425905256,0.009928992864414714,3,nenhum,Grayscale,CLAHE4.0,Otsu,-0.051717424558475944,3.410086586948829e-07,2.3959741753083162e-05,-3.9596382761643296,0.00010468965821932906,7.28921854087575e-07,0.006852486141381784,4.750638451042351e-05
Retinex_Grayscale_AHE40.0_Unsharp1.5,363,0.8602651462476244,0.01372456922060831,0.8843137254901962,0.03136128391847956,0.6042553191489362,0.10505076006403136,0.8367088607594937,0.014467801834188491,0.8997137396632049,0.010741096273050603,0.9168631452759575,0.018560575424707373,0.04552853493998177,0.005673801286992543,0.02479329911113535,0.0033072753157885305,0.0622061482820976,0.008273591289583356,0.008506576133785783,4,Retinex,Grayscale,AHE40.0,Unsharp1.5,-0.051983961433272996,3.45607881942675e-08,2.6892194469825803e-06,-4.450015979221531,1.2614687690907639e-05,9.418224270949675e-08,0.000922402270315025,6.63648575972096e-06
HistogramEq_MaxGreen2.0_Otsu,364,0.8602535576878505,0.015563317368608777,0.8067538126361656,0.0481065616926396,0.7414893617021276,0.10092998478091565,0.7956600361663653,0.02637087746139525,0.8669411862873047,0.02256720954421322,0.9397649937601054,0.020821385224619453,0.04737190844006256,0.005954818911207783,0.02610474094410879,0.003432157007980316,0.05207956600361659,0.01566745422185386,0.009646244043240965,3,HistogramEq,MaxGreen2.0,nenhum,Otsu,-0.0519955499930469,2.129376925940537e-07,9.981349544976756e-06,-4.067745616877408,6.750124855231503e-05,4.727381206238645e-07,0.0031640878057576315,2.2159366750431022e-05
HistogramEq_MaxGreen2.0_AHE40.0_Otsu,365,0.8601863440411626,0.00946709728267972,0.8326797385620915,0.06378975174094473,0.6808510638297872,0.10191565860425474,0.8068716094032549,0.03680173260585577,0.8762792623220109,0.028984380798868736,0.9285629886427496,0.016827925257935365,0.04317656868940251,0.004270052042703807,0.023565986994213563,0.0024358766258410955,0.04972875226039777,0.008910033453342042,0.005867767687757134,4,HistogramEq,MaxGreen2.0,AHE40.0,Otsu,-0.05206276363973483,2.726132951017539e-10,5.942552722049509e-07,-5.578692164988068,1.294913151733331e-07,1.5520063830050348e-09,0.00023057104561552093,1.81753607190344e-06
HistogramEq_CLAHE4.0_Otsu,366,0.8601608492096602,0.01051044963179055,0.8213507625272332,0.08531111201503801,0.6648936170212766,0.18752462407259943,0.7947558770343581,0.04255635412565057,0.8670739034106626,0.038179729814389426,0.9271058664095403,0.03508174649610927,0.03949642674034489,0.004619593400247583,0.02153997557039217,0.0026996571101324846,0.04538878842676306,0.005421605020317965,0.006514444173511499,3,HistogramEq,nenhum,CLAHE4.0,Otsu,-0.052088258471237214,8.203158006743412e-10,4.236075790385181e-07,-5.27474772655478,3.683217945027792e-07,3.7140282313995764e-09,0.00016859581645733022,1.3683952693659995e-06
Retinex_MaxGreen2.0_Unsharp1.5,367,0.860095953274927,0.014103928656324297,0.8568627450980392,0.03827718551142615,0.6361702127659574,0.07684487983308673,0.8193490054249548,0.022220169284680007,0.8869401214834681,0.01667769603138965,0.9205526117387091,0.012975175498647134,0.06527922226663262,0.007066036243749043,0.03634987829532132,0.004203278591974412,0.08245931283905963,0.01061975433178793,0.008741705548058578,3,Retinex,MaxGreen2.0,nenhum,Unsharp1.5,-0.05215315440597035,4.93755497803082e-08,7.09126870254022e-06,-4.380581202838514,1.762707127157003e-05,1.2963900056473615e-07,0.002318844865730652,1.637541969462099e-05
Gamma0.8_Grayscale_CLAHE4.0_Otsu,368,0.859674129699161,0.014412185923081106,0.8333333333333334,0.05428923067537676,0.6574468085106383,0.13104264358561127,0.8034358047016275,0.026618406626978536,0.8748467439306953,0.02138599580126889,0.924017182656965,0.0227040550922106,0.04332891330672632,0.004296809263602914,0.023727874411422458,0.002462478384362028,0.04665461121157319,0.009252120002097594,0.008932765381435503,4,Gamma0.8,Grayscale,CLAHE4.0,Otsu,-0.05257497798173638,6.090338566027174e-08,1.2533175514854292e-05,-4.349098084924254,2.125528159543484e-05,1.5427069054914647e-07,0.0038978175851196845,2.693515683358998e-05
HistogramEq_GreenChannel_Otsu,369,0.8596416817317944,0.019489005287656548,0.773202614379085,0.04438186508527554,0.801063829787234,0.07704915708177289,0.7779385171790235,0.027034878832284247,0.8518894840283867,0.02284553073393999,0.9508811513588148,0.016742380228955137,0.04502440651325535,0.003992508048662576,0.02481922685542668,0.0022658320004779165,0.04864376130198911,0.009277610685145234,0.012079410623851705,3,HistogramEq,GreenChannel,nenhum,Otsu,-0.05260742594910295,3.5985278694397784e-06,4.6329137937075603e-05,-3.45241858166042,0.0009032304952293844,6.366626230547301e-06,0.012416208967136261,8.649108543447556e-05
Gamma0.8_MaxGreen2.0_AHE40.0_Unsharp1.5,370,0.8587424094933482,0.009318489907178821,0.930718954248366,0.027630601985870078,0.4042553191489362,0.13724824454158605,0.8412296564195298,0.012376672952584036,0.9067638919928805,0.007579285203410015,0.885017788696398,0.021241483480900943,0.043663265864341924,0.004175245141811764,0.02359597198069633,0.002345318652989788,0.05334538878842672,0.010723596669473916,0.005775659882155316,4,Gamma0.8,MaxGreen2.0,AHE40.0,Unsharp1.5,-0.05350669818754916,1.5181633492196896e-10,1.1596170929480427e-06,-5.77991811872352,7.317547343238904e-08,9.286637508524697e-10,0.00042441985601898366,3.175142040214879e-06
HistogramEq_MaxGreen2.0_CLAHE4.0_Unsharp1.5,371,0.8587076438140269,0.010723680280464214,0.9261437908496731,0.03457659642994812,0.4648936170212766,0.11761615399296384,0.8477396021699819,0.01180573181178547,0.9096863610464752,0.009246539215454264,0.8950521252563964,0.017588181186742186,0.052131703988512836,0.006855872690099566,0.028443086836418042,0.00392501167727994,0.06690777576853522,0.011811885438375799,0.006646605898797231,4,HistogramEq,MaxGreen2.0,CLAHE4.0,Unsharp1.5,-0.05354146386687053,6.802478616537994e-10,1.0263616827514742e-06,-5.360046342732879,3.0883252919082494e-07,3.2060862332043827e-09,0.000378727460935294,2.851004674309651e-06
LABNorm_AHE40.0_Unsharp1.5,372,0.8586844666944792,0.009810818703758209,0.9492374727668844,0.011530615292607606,0.35,0.066046991759404,0.847377938517179,0.007489921430745772,0.9116974724951078,0.0042351179659027545,0.8771878386175883,0.009891879133664851,0.04796181746182907,0.006404564872264769,0.0262488534066788,0.0036847009550426807,0.0544303797468354,0.009773472763723838,0.006080808431711909,3,LABNorm,nenhum,AHE40.0,Unsharp1.5,-0.05356464098641822,2.428292717187786e-10,3.596398936469727e-07,-5.633472954303191,1.1558673333813862e-07,1.3962683123829772e-09,0.0001438559574587891,1.1749598798125528e-06
Retinex_GreenChannel_CLAHE4.0_Unsharp1.5,373,0.8585175914337366,0.029360931817137177,0.8572984749455339,0.032756305043845815,0.6797872340425533,0.11218795620846958,0.827124773960217,0.016599796964975013,0.8914747353366114,0.01218886040559108,0.9299293391080408,0.020998607199115654,0.05413739907675237,0.007947449128106755,0.03005767920172584,0.004610059636520207,0.0652802893309222,0.011671087745620295,0.018198094078343736,4,Retinex,GreenChannel,CLAHE4.0,Unsharp1.5,-0.05373151624716077,0.00019566252538563697,0.000387757947256865,-2.4697594841099533,0.027392753553989176,0.0002579649811943582,0.07134746229526316,0.0005687776012058606
HistogramEq_Grayscale_Unsharp1.5,374,0.858509479441895,0.02013980204424955,0.8738562091503269,0.042213730107170784,0.6329787234042553,0.13127753447101256,0.8329113924050633,0.018757761272896894,0.8963603212024438,0.01416668009821512,0.9220582303030771,0.021248660392823804,0.0563711762827089,0.004168346622537928,0.03092057041501172,0.002398044630080612,0.07106690777576849,0.008044250269055218,0.012482778632609787,3,HistogramEq,Grayscale,nenhum,Unsharp1.5,-0.05373962823900236,4.259859876439456e-06,1.4392956595101453e-05,-3.43268858072488,0.0010223663703454694,7.2899387766449024e-06,0.004404244718101045,3.065166682290124e-05
HistogramEq_AHE40.0_Unsharp1.5,375,0.8570898808696056,0.019410628141858097,0.943355119825708,0.01879764575968735,0.33723404255319145,0.09647084748912937,0.8403254972875226,0.005258307049442849,0.9074510853101379,0.00324906807903905,0.8746527158749234,0.01400411400369819,0.05267311232030827,0.006977753626985178,0.02875361487783044,0.004070456852650651,0.06274864376130196,0.010851583823674594,0.01203083196559537,3,HistogramEq,nenhum,AHE40.0,Unsharp1.5,-0.05515922681129182,2.0536047816721948e-06,2.3056207208054186e-05,-3.631824971775945,0.0005462588719248038,3.809105643424232e-06,0.00666324388312766,4.61350104327277e-05
BenGraham_GreenChannel_AHE40.0_Morpho,376,0.8567769897557131,0.019846758873562156,0.8623093681917211,0.04016968127666335,0.5765957446808511,0.11960399423451232,0.81374321880651,0.019080399989565303,0.8845098691895286,0.014780356405118765,0.9097959811337131,0.021510552557044534,0.05134624620577225,0.005639154038219897,0.02822184382682178,0.0032915036702554847,0.05714285714285709,0.009461804397998104,0.012301148593672373,4,BenGraham,GreenChannel,AHE40.0,Morpho,-0.05547211792518425,2.5451552283273223e-06,1.4971284930321739e-05,-3.5864809596019094,0.0006642855145934312,4.645918273930826e-06,0.004551270618817808,3.1555854392878494e-05
GreenChannel_AHE40.0_Otsu,377,0.8566703750057943,0.01517921230122753,0.8352941176470589,0.04387693551258944,0.647872340425532,0.11539270812611008,0.8034358047016275,0.02273100733901532,0.8753721229634911,0.01789013513367102,0.9217458659905888,0.021338532292321716,0.04601208255819696,0.007635025825907571,0.025184110770621937,0.004369184173479103,0.04990958408679923,0.015037942017613173,0.009408173255988474,3,nenhum,GreenChannel,AHE40.0,Otsu,-0.05557873267510305,6.326131076311002e-08,8.225621821513729e-07,-4.428822464210385,2.2014936145562287e-05,1.595405863543345e-07,0.00030846081830676484,2.353100769836017e-06
MaxGreen2.0_AHE40.0_Unsharp1.5,378,0.8555625086914198,0.009791402375091074,0.9324618736383442,0.02648450621468476,0.43510638297872345,0.11797910178214219,0.8479204339963834,0.013651172781369951,0.9104695872028827,0.008693903465557422,0.8903152602695361,0.01826196426622107,0.04237146420149923,0.0033873753553343125,0.022876036680813387,0.001914979320578247,0.05189873417721513,0.009494388445571026,0.006068774066524141,3,nenhum,MaxGreen2.0,AHE40.0,Unsharp1.5,-0.05668659898947759,9.45707476067526e-11,5.380694198891703e-07,-5.968098455306705,4.6055954084488516e-08,6.109907850998061e-10,0.00021146128201644392,1.6906552810725296e-06
BenGraham_MaxGreen2.0_AHE40.0_Otsu,379,0.8554373522458629,0.012492001830624279,0.8006535947712419,0.043491208665963205,0.7542553191489362,0.10097980829858966,0.7927667269439421,0.02685147969192071,0.8645991023249013,0.02110526246993169,0.9418804609110385,0.01983753388703983,0.04070470702452151,0.009175787898914779,0.02191500774556598,0.005176154550183455,0.04900542495479199,0.017562319784554803,0.007742622950674068,4,BenGraham,MaxGreen2.0,AHE40.0,Otsu,-0.05681175543503447,2.3620604318727663e-09,1.4272271274787502e-07,-5.179572251991926,9.91222486146597e-07,8.650858269597711e-09,6.037170749235114e-05,5.363762080393996e-07
BenGraham_MaxGreen2.0_CLAHE4.0_Otsu,380,0.8550190052380291,0.012541929720679126,0.7943355119825708,0.06947579994698151,0.7361702127659575,0.09230762782141247,0.7844484629294757,0.04348160500261822,0.8579880516396834,0.036103578109306846,0.9377993156323674,0.017281204780055397,0.04109908247297722,0.0055651903708703486,0.02219737590587472,0.003161401803545268,0.041772151898734136,0.007104029183163873,0.007773568577536666,4,BenGraham,MaxGreen2.0,CLAHE4.0,Otsu,-0.0572301024428683,2.252133860772367e-09,7.230677177528982e-08,-5.204213832326847,9.526526231067113e-07,8.463901764340595e-09,3.2465740527105126e-05,3.2737317929757203e-07
Gamma0.8_AHE40.0_Unsharp1.5,381,0.8550062578222779,0.011795676158883599,0.9522875816993464,0.012386195210945094,0.35851063829787233,0.0788239725652881,0.8513562386980109,0.00807805452332774,0.9140619689468462,0.004356456135238166,0.8790250060684354,0.012101779109290405,0.04971808315139834,0.007644654133087613,0.027240248101587698,0.004360680633716456,0.05949367088607591,0.010525247721634415,0.007311035827948399,3,Gamma0.8,nenhum,AHE40.0,Unsharp1.5,-0.05724284985861949,8.899946637295753e-10,3.307924506071884e-06,-5.412559238284879,3.969376200233906e-07,3.936514858803891e-09,0.0011213864075583688,8.025555236250352e-06
AHE40.0_Unsharp1.5,382,0.8546933667083856,0.012331453195602379,0.9529411764705882,0.01347713662705827,0.3446808510638298,0.07723661497907504,0.8495479204339963,0.007849943626811186,0.913152799669958,0.004384658864832337,0.8767987826337544,0.011489820197123649,0.04806655945505811,0.0066294079105419625,0.026341579093127492,0.00379672804846025,0.05244122965641949,0.010883345440185535,0.007643113875741613,2,nenhum,nenhum,AHE40.0,Unsharp1.5,-0.057555740972511815,1.5972357936611399e-09,7.857195168993992e-07,-5.2914068936524465,6.872173551545141e-07,6.248153977173941e-09,0.0002962162578710735,2.2702950865183645e-06
CLAHE4.0_Otsu,383,0.8543155796597599,0.011819028383772811,0.8211328976034858,0.06660200362831183,0.6840425531914894,0.12627798489977807,0.7978300180831827,0.035207295618383525,0.8695752373127499,0.029528651862306986,0.9290327306886029,0.022890539894481806,0.03512341380839299,0.005011015997052835,0.01900340059052132,0.0028161761004081567,0.040506329113924,0.0074412534596797735,0.007325509686888546,2,nenhum,nenhum,CLAHE4.0,Otsu,-0.05793352802113749,7.625692878254928e-10,3.5380360382325265e-06,-5.471126421355576,3.431561795214718e-07,3.4799788928544316e-09,0.0011923181448843614,8.512011389053148e-06
LABNorm_CLAHE4.0_Otsu,384,0.8542251888935244,0.011427885343076661,0.8261437908496732,0.061952687476069815,0.6638297872340425,0.1405257898422356,0.7985533453887885,0.028923044266913618,0.8708732915144173,0.025243276274473953,0.9253882477878191,0.025917381070826202,0.03630356994641919,0.0039027113977017094,0.01966628410404622,0.0021573467677765794,0.044122965641952935,0.0059793112803555,0.007083076718581887,3,LABNorm,nenhum,CLAHE4.0,Otsu,-0.05802391878737301,4.5493366588601253e-10,2.3590805637827384e-06,-5.594252936353819,2.1108922097110982e-07,2.3355969453969396e-09,0.000819352640498071,5.923455564083295e-06
HistogramEq_Grayscale_CLAHE4.0_Otsu,385,0.8539679228665461,0.012331660595877193,0.8413943355119825,0.052406465350386164,0.6393617021276595,0.12247654058148119,0.8070524412296564,0.024066414638984752,0.8779392549559901,0.019526882705222112,0.9208202917804631,0.020811705102993513,0.04009946919517786,0.004340518315428242,0.02190510363907718,0.002584906065691254,0.049005424954792,0.007255841825583667,0.007643242423763741,4,HistogramEq,Grayscale,CLAHE4.0,Otsu,-0.058281184814351294,1.3241731466183812e-09,6.21527227914083e-07,-5.358042911739983,5.773394919256142e-07,5.438568280754065e-09,0.00023990950997483602,1.8809376634241985e-06
BenGraham_GreenChannel_Unsharp1.5,386,0.8538334955731702,0.023314867091353986,0.8481481481481481,0.0411457838748186,0.6595744680851063,0.12345315734417878,0.8160940325497288,0.01840284075073694,0.8840970439180085,0.014632915540105894,0.9253175848198124,0.02132264953449843,0.05189884853623765,0.008150114639101147,0.028237452079053697,0.004596597659962127,0.05858951175406869,0.013483798829878662,0.01445070433714559,3,BenGraham,GreenChannel,nenhum,Unsharp1.5,-0.058415612107727166,9.78891091332389e-06,2.6653987148964835e-05,-3.296201464672093,0.002133982579104608,1.572241277977999e-05,0.007543078363157049,5.230731266435078e-05
Retinex_Grayscale_CLAHE4.0_Otsu,387,0.8535785472581467,0.007140151712343723,0.8246187363834423,0.05532844537236564,0.674468085106383,0.11816547857962287,0.7990958408679928,0.02733758856765284,0.8711832389286448,0.023068865304566356,0.9268168047784361,0.020936670377943764,0.032701971991498255,0.008014834766571683,0.01768611550067567,0.004537810441012155,0.030922242314647342,0.017270254670655138,0.00442551188103088,4,Retinex,Grayscale,CLAHE4.0,Otsu,-0.05867056042275065,1.2269343683060243e-11,2.168253458264287e-07,-7.126797958881541,6.2450959346776635e-09,1.0529660623521851e-10,8.889839178883576e-05,7.510516496999789e-07
Retinex_MaxGreen2.0_AHE40.0_Unsharp1.5,388,0.8522898994113012,0.018805593068278264,0.8444444444444444,0.02147440473873776,0.6585106382978723,0.06993102006999309,0.8128390596745027,0.01172699002914029,0.8821164225747177,0.0087649617811955,0.9238878266675756,0.012925543921859356,0.04107569939332558,0.004114571976392329,0.02222332270077336,0.0023536497376380333,0.043942133815551496,0.010088118345666275,0.011655827341822602,4,Retinex,MaxGreen2.0,AHE40.0,Unsharp1.5,-0.05995920826959622,5.369495324911153e-07,3.379258991742766e-05,-4.0506831860326695,0.00016054791021484347,1.1146064302613405e-06,0.009428132586962318,6.54233643182522e-05
BenGraham_Unsharp1.5,389,0.8519121123626755,0.01872299813999895,0.8681917211328976,0.045250334290993094,0.5414893617021276,0.14744696202135021,0.8126582278481014,0.015013761358751774,0.8845428328052509,0.013255949994120815,0.9041324478633056,0.02550528513573574,0.048937374812386816,0.0057872542542638135,0.02671762017680776,0.0032988230650984876,0.05370705244122962,0.008089291216092018,0.011604634474900588,2,BenGraham,nenhum,nenhum,Unsharp1.5,-0.0603369953182219,4.708579648141589e-07,2.756893137638206e-05,-4.090698787788525,0.000142199105373876,9.878623633976003e-07,0.0077744386481397405,5.3918828372175794e-05
LABNorm_GreenChannel_Otsu,390,0.8506976312983824,0.008987735133199747,0.7823529411764706,0.07012746681000628,0.725531914893617,0.15560871999584577,0.7726943942133816,0.03394900490075244,0.8496384786530999,0.029819817276884982,0.935861431499822,0.0273204423159055,0.0466400003949829,0.003188753238992341,0.02531530111214314,0.0018506161155892279,0.046473779385171735,0.00910366476095794,0.005570655949336693,3,LABNorm,GreenChannel,nenhum,Otsu,-0.061551476382515014,1.1158213180772448e-11,1.1216445444960512e-07,-6.769582094956881,5.6906887221939485e-09,9.721170574157815e-11,4.836225717284928e-05,4.4479007798981344e-07
HistogramEq_MaxGreen2.0,391,0.8504519538311779,0.01619001829808874,0.9043572984749455,0.024722309619229103,0.5180851063829788,0.06122543503870996,0.8386980108499096,0.01311775335381355,0.9028497014729941,0.009406428547133505,0.9018632956698889,0.009147749776940061,0.062448531026862375,0.006560435404895066,0.034642103731995166,0.0038160410958740227,0.07721518987341768,0.011905334143623884,0.01003467730362561,2,HistogramEq,MaxGreen2.0,nenhum,nenhum,-0.06179715384971951,4.2935065336030356e-08,2.013504937144427e-06,-4.693745094356555,1.5456623520970928e-05,1.1429473411211784e-07,0.0007147942526862716,5.238757189402921e-06
HistogramEq_MaxGreen2.0_CLAHE4.0_Otsu,392,0.8481157001807815,0.01036401614231482,0.8172113289760349,0.05702949328187234,0.6680851063829787,0.1341719515017586,0.7918625678119349,0.02713749617929108,0.8660966757093327,0.02356209800228898,0.9251718904757512,0.023878794748740134,0.04135531107117428,0.005943814771079107,0.02260669142841524,0.00346791862877343,0.04755877034358042,0.008440971050722267,0.006423683756427457,4,HistogramEq,MaxGreen2.0,CLAHE4.0,Otsu,-0.06413340750011587,2.3996762782339936e-11,4.087730162872976e-08,-6.546006790777263,1.2094368442299327e-08,1.9164081388674255e-10,1.904882255898807e-05,2.1367680396836014e-07
HistogramEq_Unsharp1.5,393,0.8460714782366848,0.02297623351346798,0.9222222222222222,0.03688793374095967,0.48510638297872344,0.13021477462564804,0.8479204339963834,0.009773472763723833,0.9094106659466086,0.008573708847915675,0.8985284810946196,0.020674411809276514,0.05916424748318986,0.003935606308176153,0.03261643303567458,0.002391047703173964,0.07811934900542492,0.00691483081359855,0.014240817071072555,2,HistogramEq,nenhum,nenhum,Unsharp1.5,-0.06617762944421257,2.3670965253136556e-06,2.469149110711743e-05,-3.7816716284108405,0.0006201792896321777,4.334651280431057e-06,0.007037074965528468,4.878902881990558e-05
Retinex_CLAHE4.0_Otsu,394,0.8452579613405646,0.02040909191712077,0.859041394335512,0.0849955573188239,0.55,0.1992800532182877,0.8065099457504521,0.0386151112189198,0.8786898641232936,0.03273722023024558,0.9069609477009258,0.033212814036291165,0.03219870916616757,0.004186157258671023,0.017265362087029397,0.0023472357959909602,0.03291139240506326,0.007709838194246898,0.012649686225031471,3,Retinex,nenhum,CLAHE4.0,Otsu,-0.06699114634033276,4.64207813659178e-07,3.115309632258081e-06,-4.232265957121471,0.00014065496753873092,9.777270800513822e-07,0.0010592052749677475,7.590267112493206e-06
Retinex_GreenChannel_CLAHE4.0_Otsu,395,0.8437398600101979,0.008834858012146785,0.7747276688453159,0.04499260875073723,0.7617021276595745,0.09015743876352174,0.7725135623869801,0.02324859429596941,0.849119432640849,0.019322777370352463,0.941799334747366,0.016281185326977293,0.03403541449232594,0.005940523890133566,0.01825702379041051,0.003356101082007891,0.03833634719710664,0.016056852480552067,0.005475901728023993,4,Retinex,GreenChannel,CLAHE4.0,Otsu,-0.06850924767069955,1.622674314993976e-12,9.204300286995542e-09,-7.597675816122488,8.535266896868314e-10,1.8203746099301688e-11,4.6757845457937354e-06,7.7830480367977e-08
BenGraham_GreenChannel_CLAHE4.0_Unsharp1.5,396,0.8428011866685209,0.01351186645417914,0.8688453159041394,0.048322595065452535,0.5808510638297872,0.0929050944329805,0.8198915009041592,0.02536233965898931,0.8884041204747515,0.019419266202353867,0.9109310147968083,0.014091975382325973,0.0456493445001836,0.006689211420885845,0.02471205998016643,0.003715719731916797,0.052983725135623806,0.01364052236213099,0.008374741593304928,4,BenGraham,GreenChannel,CLAHE4.0,Unsharp1.5,-0.06944792101237651,4.397016505294004e-10,7.272417199132637e-07,-6.009112578519325,2.0578037244775938e-07,2.312665259215171e-09,0.0002756246118471269,2.1226598423864294e-06
BenGraham_Grayscale_Unsharp1.5,397,0.8423469151253883,0.01638253308713145,0.8917211328976036,0.027806597890434832,0.5521276595744681,0.09428223790986555,0.8339963833634719,0.012695487514792792,0.8990281400467515,0.009217960622165887,0.9073082479068362,0.015250117146026832,0.04851455775128793,0.006589635377758184,0.026265196573515993,0.003670517753038917,0.05262206148282093,0.009810577957021694,0.0101539992060874,3,BenGraham,Grayscale,nenhum,Unsharp1.5,-0.06990219255550911,1.0650313350104702e-08,6.895663984811953e-07,-5.261979950005943,4.079070013090101e-06,3.1730208167410385e-08,0.0002627247978213354,2.0333368160342936e-06
Gamma0.8_MaxGreen2.0_CLAHE4.0_Otsu,398,0.8414314189032588,0.009123521000306795,0.8065359477124183,0.07417226180721398,0.6808510638297872,0.12294280725787034,0.7851717902350813,0.04145394054314642,0.8601142707450439,0.03435667312867378,0.9271509532462835,0.021309368549152732,0.035780341694183836,0.0036369175525930303,0.019271114192674542,0.0020355548135191225,0.03508137432188061,0.007681510462724051,0.0056548169017040595,4,Gamma0.8,MaxGreen2.0,CLAHE4.0,Otsu,-0.07081768877763861,1.1738914621274498e-12,3.2287476017909376e-08,-7.731417538257756,6.198146920032935e-10,1.4062241473401743e-11,1.5401126060542773e-05,1.875282698009888e-07
Retinex_GreenChannel_AHE40.0_Unsharp1.5,399,0.8411046215176379,0.0201843720777688,0.8677559912854031,0.027289701560125043,0.626595744680851,0.08262487443718615,0.8267631103074141,0.012019234315240076,0.8924928421186543,0.009306390762574114,0.9195629999923096,0.014372822138025118,0.04619432705957473,0.009137554364657588,0.02530182185526863,0.005218053225666904,0.06003616636528025,0.014208058366327757,0.01251040342558672,4,Retinex,GreenChannel,AHE40.0,Unsharp1.5,-0.07114448616325952,2.0353271150732896e-07,9.840164928845989e-06,-4.536138109668144,6.492693497083794e-05,4.5537474364480217e-07,0.0031291724473730244,2.1930600132118e-05
Retinex_AHE40.0_Unsharp1.5,400,0.8410513141426783,0.018709606834539556,0.8869281045751635,0.016795864359413226,0.5925531914893617,0.06344446342779538,0.8368896925858952,0.008891664334941925,0.9002206819618184,0.006127931769369436,0.914269465242028,0.01120908643058814,0.04264722197097592,0.006662690466112319,0.02323368350112471,0.0037890575493869775,0.05226039783001803,0.0130525008554203,0.011596334457786019,3,Retinex,nenhum,AHE40.0,Unsharp1.5,-0.07119779353821909,6.758262055609034e-08,2.1419657853738175e-06,-4.829816890158124,2.3316004091851168e-05,1.6801482409976464e-07,0.0007582558880223314,5.547884354008761e-06
BenGraham_GreenChannel_Otsu,401,0.8409076160014834,0.01292751407564627,0.8407407407407407,0.055254045815574575,0.5893617021276596,0.10292243933998148,0.798010849909584,0.029824157963951874,0.8727351032357532,0.024384690301298965,0.9102052553275332,0.016219863632843275,0.04978957786175306,0.006468784588101808,0.027117277356016177,0.0037070710297454003,0.06998191681735982,0.013289738164225266,0.00801255623673398,3,BenGraham,GreenChannel,nenhum,Otsu,-0.07134149167941395,1.363936928175741e-10,3.5666321992145035e-07,-6.359603283514685,6.587815363088829e-08,8.432943373129581e-10,0.0001430219511885016,1.1718934368847654e-06
BenGraham_CLAHE4.0_Unsharp1.5,402,0.8404069902192555,0.012389103494447728,0.9270152505446623,0.02758188673178352,0.35,0.10737715130840217,0.8289330922242314,0.01241770394870944,0.8998491557415461,0.008519105648824004,0.8750132510914878,0.015698405927589247,0.04265483772598195,0.004803156119553427,0.02306489170849363,0.0027108624079997088,0.04267631103074139,0.007039807749563072,0.007678845901161186,3,BenGraham,nenhum,CLAHE4.0,Unsharp1.5,-0.07184211746164193,5.862913401711346e-11,3.5275040779193014e-07,-6.585029617453371,2.9197308740522504e-08,4.322019494851313e-10,0.00014215841434014786,1.166636917759877e-06
BenGraham_MaxGreen2.0_CLAHE4.0_Unsharp1.5,403,0.840298057757382,0.01270029197267873,0.8917211328976036,0.02377845909218021,0.5521276595744681,0.04149087710150003,0.8339963833634719,0.013713576950509858,0.8990279387480594,0.0099405824764438,0.9068886378133426,0.006031239354689508,0.04191423661186627,0.0033729835472744514,0.02263951243590001,0.001888012160850689,0.04538878842676308,0.01103090610126829,0.007871722518232278,4,BenGraham,MaxGreen2.0,CLAHE4.0,Unsharp1.5,-0.07195104992351542,8.797705172362017e-11,1.2979290639717937e-06,-6.489453907522235,4.302077829285027e-08,5.814575257595586e-10,0.0004711482502217611,3.5037991163557814e-06
LABNorm_MaxGreen2.0_AHE40.0_Otsu,404,0.8393756083993882,0.011565540315382903,0.7910675381263617,0.037615626755808755,0.7170212765957447,0.09057490096863806,0.7784810126582278,0.01798749042962841,0.8552664383187178,0.015618013041637208,0.9327058315462532,0.017451365374083445,0.03542575408597038,0.005470921163206047,0.01911277442643838,0.0031049009248399007,0.03869801084990954,0.008051022474774676,0.007168396154353973,4,LABNorm,MaxGreen2.0,AHE40.0,Otsu,-0.07287349928150921,1.4772631939258853e-11,1.4902882620676848e-07,-6.974828432116281,7.48972439320424e-09,1.2310526616049043e-10,6.28901646592563e-05,5.521192743679414e-07
Gamma0.8_GreenChannel_CLAHE4.0_Otsu,405,0.8393686552635238,0.019064386453971932,0.8052287581699347,0.061648887238378164,0.6808510638297872,0.12355497439847057,0.7840867992766727,0.03529387613532484,0.8598426555801753,0.029341440509298912,0.9266214572510536,0.02195612274940724,0.04388758487014808,0.005958558076416261,0.02404084446208772,0.0034553155368444747,0.046112115732368855,0.008991219945856714,0.011816229144089571,4,Gamma0.8,GreenChannel,CLAHE4.0,Otsu,-0.07288045241737362,6.779032902807895e-08,8.559997538362082e-07,-4.869456889702332,2.331987318565916e-05,1.6801482409976464e-07,0.00031928790818090566,2.424629844609949e-06
MaxGreen2.0_AHE40.0_Otsu,406,0.8390186807583554,0.008355343917626294,0.7947712418300654,0.03662608238044014,0.723404255319149,0.08956972298095811,0.7826401446654611,0.0184767302342782,0.8581927753703565,0.015305082627109667,0.9343673042221899,0.017593368992817958,0.03668714060721096,0.004976812105543129,0.01979009533777417,0.002818976857804537,0.03797468354430375,0.008776503784545524,0.005178695813091741,3,nenhum,MaxGreen2.0,AHE40.0,Otsu,-0.073230426922542,3.8517868868936817e-13,2.2663916567337827e-08,-8.335255499115766,2.0799649189225882e-10,6.152159611010741e-12,1.0991999535158846e-05,1.418063200471117e-07
LABNorm_MaxGreen2.0_CLAHE4.0_Otsu,407,0.8387127427803274,0.01003459213254766,0.7873638344226579,0.07182717210964698,0.7042553191489362,0.11422623787397583,0.7732368896925859,0.04156248181233065,0.850579170964366,0.034929408777215065,0.9305202819733509,0.020616808934497625,0.03803244201617384,0.004201268776937462,0.02053316526544646,0.002390509775926859,0.038155515370705204,0.005683351207389112,0.006219504639812741,4,LABNorm,MaxGreen2.0,CLAHE4.0,Otsu,-0.07353636490057003,1.6368256090278927e-12,1.0156692163351065e-07,-7.640669233854022,8.593334447396437e-10,1.8203746099301688e-11,4.418161091057713e-05,4.141913470870115e-07
LABNorm_GreenChannel_CLAHE4.0_Otsu,408,0.8386594354053678,0.018720593054096544,0.842483660130719,0.03392371331568087,0.6031914893617021,0.10627062625072907,0.8018083182640146,0.01747417319268309,0.8756298970598971,0.01326745993874616,0.9128889685662636,0.019094322538511836,0.045403144655711256,0.006459111716004628,0.02487647362851917,0.003768131519693052,0.043218806509945716,0.010594063411971217,0.011603143787214276,4,LABNorm,GreenChannel,CLAHE4.0,Otsu,-0.0735896722755296,4.600746988995011e-08,8.527618508455649e-07,-4.989713835097088,1.651668169049209e-05,1.21909194408854e-07,0.0003189329322162413,2.424629844609949e-06
GreenChannel_Otsu,409,0.8374611783247579,0.010288514840154452,0.7880174291938997,0.06519830042158717,0.7053191489361702,0.1256790819038225,0.7739602169981917,0.034553129952902946,0.8513986529460418,0.029716399318489056,0.9309491123179031,0.022658631840675927,0.04613687496812459,0.00487711492295717,0.025076161767998918,0.0028530538744412455,0.05063291139240502,0.010122275843126397,0.006376887564524927,2,nenhum,GreenChannel,nenhum,Otsu,-0.07478792935613954,1.690889554863605e-12,9.4973780065576e-10,-7.664690000660062,8.843352371936653e-10,1.8203746099301688e-11,5.242552659619796e-07,2.1933826544261355e-08
BenGraham_MaxGreen2.0_AHE40.0_Unsharp1.5,410,0.8362837806517407,0.016400530593481486,0.8851851851851851,0.04156661267178478,0.5414893617021277,0.10702524796526786,0.8267631103074141,0.018594342690065182,0.8941492607294601,0.014752247835062647,0.905013088626187,0.016602229019162605,0.04065152476726072,0.0072241140572581195,0.02193180252350735,0.003933724942395918,0.044122965641952935,0.010923333371982431,0.010165154176092211,4,BenGraham,MaxGreen2.0,AHE40.0,Unsharp1.5,-0.0759653270291567,3.6755319854802917e-09,5.910502684524687e-07,-5.713616786546665,1.5032925820614394e-06,1.2655274800306394e-08,0.0002299185544280103,1.8174005580757727e-06
Gamma0.8_GreenChannel_Otsu,411,0.8355455893941501,0.010876944872260614,0.7671023965141612,0.049216367265121,0.7436170212765958,0.099221100170165,0.7631103074141049,0.025827950916972306,0.8424197921605849,0.022443617766204283,0.9372448204284447,0.018198576873209922,0.03948707723898293,0.0028592727464051017,0.02123712794869814,0.0016043218336499955,0.03887884267631099,0.008703754718621844,0.006741600276964818,3,Gamma0.8,GreenChannel,nenhum,Otsu,-0.07670351828674726,2.4369229722955845e-12,4.226661761971329e-08,-7.615891823800011,1.267199945593704e-09,2.4661925525052918e-11,1.965397719316668e-05,2.1543530493157934e-07
GreenChannel_CLAHE4.0_Otsu,412,0.8354540397719372,0.02152001686450164,0.8289760348583878,0.05154857820105341,0.6414893617021277,0.1210929304789561,0.7971066907775769,0.028500380911169,0.8708226482664093,0.022433823139587816,0.9199975227651818,0.02150375127185685,0.04361326093313107,0.006404669927194219,0.0239125364074264,0.003759031715248799,0.04177215189873413,0.009432960297558477,0.013338244641103818,3,nenhum,GreenChannel,CLAHE4.0,Otsu,-0.07679506790896018,2.1002316789618632e-07,4.464335551461158e-06,-4.640741315130871,6.678736739098724e-05,4.6807488969111296e-07,0.0014910880741880268,1.0607408851612256e-05
Gamma0.8_MaxGreen2.0_AHE40.0_Otsu,413,0.8345802623649933,0.010606018059315821,0.8211328976034858,0.048926186564820624,0.6680851063829787,0.09244375476134956,0.7951175406871609,0.027478108569591903,0.8686788280540142,0.021836563849425762,0.9245064081339966,0.016027733471407346,0.03734743419490803,0.005665552420726511,0.02019363759299249,0.003224542237729758,0.03942133815551535,0.0054450101461777775,0.0065736780985740945,4,Gamma0.8,MaxGreen2.0,AHE40.0,Otsu,-0.07766884531590412,1.3636972927063965e-12,7.045367211037815e-08,-7.82480187640811,7.18668473256271e-10,1.6002570271554652e-11,3.1774606121780545e-05,3.2408689170773953e-07
MaxGreen2.0_CLAHE4.0_Otsu,414,0.8336021879200853,0.009194150363650948,0.8071895424836601,0.0634536135743593,0.6680851063829787,0.13113856823324582,0.7835443037974683,0.033376959484219676,0.8598092491270386,0.027685688397078488,0.924215614102741,0.022131858748845913,0.03540910099870173,0.0033279065603861657,0.01908188601552218,0.0019033062036179795,0.03019891500904155,0.006208851974354729,0.005698593434643665,3,nenhum,MaxGreen2.0,CLAHE4.0,Otsu,-0.07864691976081206,2.0808779725915735e-13,1.8383434382226082e-08,-8.553252447437886,1.1382402510075907e-10,4.125878738759154e-12,9.063033150437459e-06,1.2735511770819273e-07
BenGraham_AHE40.0_Unsharp1.5,415,0.8322185138830946,0.025693382636019977,0.9344226579520697,0.04034849499611929,0.3425531914893617,0.1286212790672755,0.8338155515370704,0.013382369686693412,0.9029347074083116,0.011034903184694706,0.8750580976174174,0.01832125294803202,0.04540515826942211,0.00866739010356062,0.024710753634458998,0.00494700543299134,0.04737793851717898,0.010502785540506088,0.015924923545112647,3,BenGraham,nenhum,AHE40.0,Unsharp1.5,-0.08003059379780275,1.3017730962128835e-06,1.6129131101574767e-05,-4.147407441919753,0.00036710001313203315,2.5459847970149934e-06,0.0048064810682692805,3.336061288994781e-05
BenGraham_GreenChannel_AHE40.0_Unsharp1.5,416,0.8282992629675985,0.021072458422903714,0.7969498910675381,0.0419423772637361,0.675531914893617,0.13918157380702387,0.7763110307414105,0.01527407606051669,0.8549514213491012,0.014184901127562263,0.9248637230885197,0.026090556285642736,0.04584798783718546,0.006676850506112294,0.02485531795910838,0.00371174007216367,0.047920433996383315,0.01227201511241853,0.01306084504505278,4,BenGraham,GreenChannel,AHE40.0,Unsharp1.5,-0.08394984471329892,5.765624476983704e-08,7.140889874497053e-07,-5.163768226733709,2.02373419142128e-05,1.4734373663402798e-07,0.000271353815230888,2.094903917263166e-06
Grayscale_Otsu,417,0.8281509294024938,0.0142691193414486,0.8586056644880176,0.029614140083846868,0.5702127659574467,0.09765625235777876,0.8095840867992766,0.01118139398097219,0.8819672098270717,0.00934906081213642,0.9077624308222744,0.01671317562420627,0.044361812654185775,0.0034958462321565535,0.0239025927195294,0.002007104988399173,0.0354430379746835,0.008005766228274381,0.008844091795452931,2,nenhum,Grayscale,nenhum,Otsu,-0.0840981782784036,7.260098714111207e-11,9.664309550241112e-08,-7.006109202144514,3.5937488634850475e-08,5.127601124878091e-10,4.2426318925558485e-05,4.0268295559601063e-07
Otsu,418,0.8281416585546747,0.014284800010421527,0.8586056644880176,0.029614140083846816,0.5702127659574467,0.09765625235777876,0.8095840867992766,0.011181393980972173,0.8819672098270717,0.0093490608121364,0.9077624308222744,0.016713175624206253,0.04436046534991868,0.003495816474768993,0.023901857789087648,0.00200706209782813,0.03544303797468351,0.007775534898901559,0.008853810774774089,1,nenhum,nenhum,nenhum,Otsu,-0.0841074491262227,7.401580754171854e-11,9.742330530674801e-08,-7.001444410816702,3.654175763363298e-08,5.127601124878091e-10,4.257398441904888e-05,4.030100759092094e-07
Gamma0.8_Otsu,419,0.827056969359848,0.0096814218884048,0.7851851851851852,0.058062807472809376,0.6797872340425533,0.11185118952051007,0.7672694394213382,0.030747910291595213,0.847472226207924,0.027087378417484483,0.924583841052127,0.020395655104896198,0.0385143389952942,0.0033952637194604057,0.0205983080705011,0.0018859589884922025,0.03815551537070522,0.007052698820146471,0.006000607454648062,2,Gamma0.8,nenhum,nenhum,Otsu,-0.08519213832104944,8.73604638615155e-14,8.059378098361137e-08,-9.022936567963038,4.827174530469026e-11,2.093011113348809e-12,3.594482631869067e-05,3.4890242901477493e-07
Gamma0.8_Grayscale_Otsu,420,0.8270500162239838,0.009681949911344604,0.7851851851851852,0.058062807472809376,0.6797872340425533,0.11185118952051007,0.7672694394213382,0.030747910291595213,0.847472226207924,0.027087378417484483,0.924583841052127,0.020395655104896198,0.03851403152724234,0.003395709584479873,0.02059805134945757,0.0018862095322968292,0.03797468354430377,0.007080976566890129,0.006000934726656795,3,Gamma0.8,Grayscale,nenhum,Otsu,-0.08519909145691362,8.729067867032596e-14,8.064536971144075e-08,-9.02341427083096,4.827174530469026e-11,2.093011113348809e-12,3.594482631869067e-05,3.4890242901477493e-07
HistogramEq_MaxGreen2.0_Unsharp1.5,421,0.8266699114634033,0.029729472826645134,0.9278867102396514,0.027814183404560874,0.3723404255319149,0.07353347997633947,0.8334538878842677,0.01518819895666611,0.902272509337584,0.010559083714452987,0.8786198830203926,0.010322373085295398,0.05962034859954235,0.0062448953211697985,0.03283143142796264,0.0037170589931826313,0.07124773960216993,0.011787251656738105,0.018426518162583425,3,HistogramEq,MaxGreen2.0,nenhum,Unsharp1.5,-0.0855791962174941,3.5325773715317525e-06,9.715202047553084e-06,-3.88915159497674,0.0008972746523690651,6.296040122947998e-06,0.0030991494531694337,2.173634699355262e-05
BenGraham_Grayscale_AHE40.0_Unsharp1.5,422,0.8239999072915218,0.016093312597600586,0.7117647058823529,0.05181186401668168,0.776595744680851,0.08209813406234204,0.7227848101265824,0.030771534366603896,0.8090159643225958,0.02832153670742075,0.9408181128260568,0.01639119873695644,0.04379335626476074,0.0076334112031238265,0.0236779298921443,0.0042231088822634304,0.05587703435804697,0.012799521424366292,0.009974738489477742,4,BenGraham,Grayscale,AHE40.0,Unsharp1.5,-0.08824920038937556,3.573746397535184e-10,8.091530548914002e-08,-6.7332720112487845,1.6832345532390717e-07,1.941565371907707e-09,3.594482631869067e-05,3.4890242901477493e-07
Retinex_GreenChannel_Otsu,423,0.8235317294766606,0.011075594255547504,0.789760348583878,0.032023591227813154,0.6734042553191489,0.05977044765733558,0.7699819168173598,0.01740333447389374,0.8504360402545679,0.01471013280337826,0.9223757914752924,0.010517524028023273,0.03448868410001376,0.0028350242962278923,0.01848167159468961,0.0016460466480268993,0.03580470162748641,0.009013418031353217,0.006864724440331792,3,Retinex,GreenChannel,nenhum,Otsu,-0.08871737820423675,2.8842179837099973e-13,3.3772269368121766e-08,-8.715572001981432,1.5690145831382384e-10,5.182579189478902e-12,1.6041827949857838e-05,1.9226787016504965e-07
Retinex_Canny,424,0.8230565985259352,0.005113614737159706,0.679520697167756,0.05966874413129119,0.851063829787234,0.04596269998870824,0.7086799276672695,0.043210440862209654,0.7933343787594819,0.040328970551710835,0.9577100189996857,0.009767123558801147,0.03178103597683351,0.0028164705024111007,0.017236263078572532,0.0017971958094490429,0.03996383363471967,0.007598284708454197,0.003169451250621476,2,Retinex,nenhum,nenhum,Canny,-0.08919250915496224,1.740811287376984e-13,9.114074570581093e-10,-11.987997496958364,9.557053967699641e-11,3.6094832230474987e-12,5.049197312101925e-07,2.1933826544261355e-08
Retinex_Grayscale_Canny,425,0.8230450099661614,0.005107451080127206,0.679520697167756,0.059668744131291196,0.851063829787234,0.04596269998870824,0.7086799276672695,0.04321044086220965,0.7933343787594819,0.04032897055171084,0.9577100189996857,0.009767123558801145,0.03178099156373571,0.002816186265702742,0.017236237536557338,0.0017972019196244267,0.03996383363471967,0.0075982847084542,0.0031656309764134674,3,Retinex,Grayscale,nenhum,Canny,-0.08920409771473603,1.757661395570956e-13,9.114649941049526e-10,-11.992967779552393,9.631984447728839e-11,3.6094832230474987e-12,5.049197312101925e-07,2.1933826544261355e-08
Retinex_GreenChannel_Canny,426,0.8228039679228665,0.009316593783020691,0.6738562091503268,0.04500257110065079,0.8606382978723405,0.05294268049634359,0.7056057866184449,0.031085780502377747,0.7908791199442458,0.02840006471529977,0.9600033548442288,0.012170642263342192,0.029965452235089528,0.002655545166155406,0.01600981746980936,0.0014814354911018932,0.03435804701627483,0.005254851047065314,0.005774484652226348,3,Retinex,GreenChannel,nenhum,Canny,-0.08944513975803092,2.5353075779515875e-14,2.082748390193263e-08,-9.663068352510223,1.4121663209190343e-11,7.672641354327172e-13,1.0184639628045056e-05,1.3765291084610646e-07
Retinex_Grayscale_Otsu,427,0.8203402401149585,0.012301664585664653,0.8139433551198257,0.05150712623802816,0.623404255319149,0.10687827960618046,0.7815551537070524,0.026243814779838663,0.8601073898733189,0.02167323356201571,0.9146297641891696,0.01689832780072462,0.03612667682931765,0.002239643162644363,0.01952477043774483,0.0012760434985210091,0.038878842676311,0.008143011504584866,0.007624650704017838,3,Retinex,Grayscale,nenhum,Otsu,-0.09190886756593886,1.0672396651311103e-12,8.191622246433846e-08,-8.462805288241267,5.655043079530749e-10,1.3056655477667837e-11,3.612505410677326e-05,3.4890242901477493e-07
Retinex_Otsu,428,0.8203356046910489,0.012302031384418656,0.8139433551198257,0.05150712623802817,0.623404255319149,0.10687827960618042,0.7815551537070524,0.026243814779838663,0.8601073898733189,0.021673233562015698,0.9146297641891696,0.01689832780072463,0.036125925849823735,0.0022439218764313206,0.0195241673760685,0.0012788029740720987,0.03869801084990955,0.00782212330199316,0.007624878048240929,2,Retinex,nenhum,nenhum,Otsu,-0.09191350298984846,1.0669892602888207e-12,8.163189787763483e-08,-8.463070225117505,5.655043079530749e-10,1.3056655477667837e-11,3.610596431353606e-05,3.4890242901477493e-07
Retinex_MaxGreen2.0_AHE40.0_Canny,429,0.8201640940063969,0.01893521903994369,0.538562091503268,0.11949647779253374,0.9180851063829787,0.0693169444710692,0.6030741410488246,0.08863526895589492,0.6853473396815014,0.09437212498116881,0.9733274733015008,0.019555557128991572,0.03229808583563065,0.0034606894232519503,0.01728835901818332,0.0019097188188980374,0.03634719710669074,0.00887735096465357,0.011736170351440138,4,Retinex,MaxGreen2.0,AHE40.0,Canny,-0.0920850136745005,3.6561938954282195e-09,2.479439895390595e-07,-6.186578882932267,1.49903949712557e-06,1.2655274800306394e-08,0.00010140909172147534,8.536993651793965e-07
BenGraham_Grayscale_CLAHE4.0_Unsharp1.5,430,0.8201107866314375,0.015091179440125948,0.8675381263616557,0.052727512631439204,0.5659574468085106,0.14288624162026228,0.8162748643761303,0.02323921545031268,0.8862387656137575,0.018513055270758326,0.9086508347371647,0.02214317289522711,0.04216722769428917,0.008563859455513044,0.022708476123002138,0.0047607778627229095,0.041952983725135576,0.012169443021863666,0.009353609923384116,4,BenGraham,Grayscale,CLAHE4.0,Unsharp1.5,-0.09213832104945985,5.782622365647421e-11,7.172187084449287e-08,-7.373350844405413,2.8855285604580633e-08,4.318192026295152e-10,3.2274841880021794e-05,3.27302188377646e-07
Retinex_MaxGreen2.0_Otsu,431,0.8198604737403237,0.004193686140307901,0.8209150326797385,0.03376398709320619,0.6170212765957447,0.0778528312060289,0.78625678119349,0.017631489462698602,0.8641228330108126,0.014105110234413878,0.9133541072881712,0.013114080109257032,0.0355955973718388,0.002582441660680511,0.01910928090596316,0.001454114075171885,0.03309222423146472,0.00799895570706866,0.0025992735990696724,3,Retinex,MaxGreen2.0,nenhum,Otsu,-0.09238863394057373,6.871871764403895e-13,9.839702310266445e-10,-12.927517450374207,3.676451393956084e-10,9.637381133005463e-12,5.421675972956812e-07,2.1933826544261355e-08
Retinex_GreenChannel_Frangi,432,0.8157071339173967,0.012447804728891914,0.7058823529411764,0.06398127332321499,0.7595744680851064,0.0959676940427575,0.7150090415913201,0.03784721759199246,0.8029189987455991,0.03464964260563383,0.9364871608369413,0.017864509634999026,0.02340656299806575,0.002437505567919591,0.01238289824715515,0.0013469193830769248,0.02441229656419525,0.005670550850580712,0.007715229303213388,3,Retinex,GreenChannel,nenhum,Frangi,-0.09654197376350071,6.127062746848352e-13,1.1232125168776616e-08,-8.822037827347978,3.290232695057565e-10,9.033489947276417e-12,5.649758959894638e-06,8.847221879515828e-08
LABNorm_Otsu,433,0.8154568210262829,0.010916426314086208,0.8342047930283224,0.027413106478401155,0.5851063829787234,0.07960973163348814,0.791862567811935,0.012218606669413738,0.8691615255012192,0.010138538208085114,0.908076606498789,0.01320535065275489,0.04130599053111546,0.002604240748602023,0.022245828179548042,0.0014900251599343443,0.0327305605786618,0.009079686673414375,0.0067660711281341745,2,LABNorm,nenhum,nenhum,Otsu,-0.09679228665461448,5.25610399959786e-14,5.480515516476982e-09,-9.59018961361225,2.9171377197768126e-11,1.3820366406262703e-12,2.8389070375350767e-06,5.3639698345678115e-08
LABNorm_Grayscale_Otsu,434,0.8154521856023734,0.01092090991048859,0.8342047930283224,0.027413106478401155,0.5851063829787234,0.07960973163348814,0.791862567811935,0.012218606669413743,0.8691615255012192,0.010138538208085114,0.908076606498789,0.01320535065275489,0.04130415885514963,0.0026029804036590827,0.02224483362142084,0.001489101112959923,0.0327305605786618,0.009079686673414375,0.006768850089975307,3,LABNorm,Grayscale,nenhum,Otsu,-0.09679692207852397,5.287792364135295e-14,5.463925208598417e-09,-9.588345167284256,2.929436969730954e-11,1.3820366406262703e-12,2.8357771832625785e-06,5.3639698345678115e-08
Gamma0.8_GreenChannel_AHE40.0_Canny,435,0.801647893199833,0.019102075969690765,0.6522875816993464,0.1088753178608277,0.7819148936170213,0.15685227343685443,0.6743218806509945,0.06585661308618826,0.7640696156148857,0.06504660373674648,0.9412601203435477,0.031106653941321283,0.025541825218106752,0.002625204647610509,0.013530244148375309,0.0014115230432440418,0.02839059674502708,0.006324806938914837,0.011839589347951297,4,Gamma0.8,GreenChannel,AHE40.0,Canny,-0.11060121448106441,4.441910977333463e-10,6.7481211811281e-08,-7.377908498253277,2.0699305154373936e-07,2.312665259215171e-09,3.056898895051029e-05,3.154609495242811e-07
Retinex_AHE40.0_Canny,436,0.8010336995318224,0.016661313911926143,0.5895424836601307,0.1448622452836714,0.8361702127659575,0.13772384963984904,0.6314647377938517,0.0992904143765808,0.7165282859516131,0.10681765401737436,0.9532841921361894,0.030596831498932348,0.030639082284346093,0.004904570808700598,0.01637308381558539,0.0026611546827369674,0.03236889692585891,0.010138415543798589,0.010326789351456388,3,Retinex,nenhum,AHE40.0,Canny,-0.11121540814907505,3.0661215733462404e-11,7.367064243461672e-08,-8.264726948992852,1.542259151393159e-08,2.4150957598275183e-10,3.300444781070829e-05,3.309423390617548e-07
LABNorm_GreenChannel_AHE40.0_Canny,437,0.7997635933806146,0.012993399064186383,0.6442265795206972,0.12381531946120641,0.8053191489361703,0.18275661377987862,0.6716094032549729,0.07331659588315485,0.7590835782499445,0.07122525771035032,0.9489880295394979,0.03536211824643711,0.0282709086881752,0.004190801967721643,0.01511940888711622,0.002340098011628352,0.030198915009041538,0.0069279544367424365,0.008053392175704546,4,LABNorm,GreenChannel,AHE40.0,Canny,-0.11248551430028275,1.3187117856951241e-13,2.597387252642223e-09,-9.993461861584116,7.266101939180135e-11,3.0330371070987854e-12,1.384407405658305e-06,3.42297362659502e-08
GreenChannel_AHE40.0_Canny,438,0.7976498400778752,0.019698949450843373,0.5904139433551199,0.11237832349483068,0.8404255319148936,0.15301736886802428,0.6329113924050633,0.06995800430357638,0.722000695943241,0.07240863532140016,0.9535025325908606,0.030752010545899808,0.025136561513638724,0.003488443405929933,0.013321342514176451,0.0018939774240959537,0.02748643761301986,0.005576869683530016,0.012209535364328878,3,nenhum,GreenChannel,AHE40.0,Canny,-0.11459926760302219,4.95999874269482e-10,9.860838886461072e-08,-7.4549513922470805,2.2964794178677014e-07,2.5238931655305495e-09,4.2993257544970274e-05,4.0499873997965117e-07
Retinex_MaxGreen2.0_Frangi,439,0.7967436147035646,0.02626152325591133,0.823529411764706,0.04143890375508238,0.5393617021276595,0.10265942135487549,0.7752260397830018,0.019570166502547733,0.8583589425909068,0.016271405263220785,0.898138653690161,0.01641642785834627,0.02832811621568072,0.002239066249287431,0.01503451542836116,0.0012605861066383834,0.026763110307414063,0.009561123596816561,0.01627706074957551,3,Retinex,MaxGreen2.0,nenhum,Frangi,-0.11550549297733281,3.881492010150857e-08,1.3693600446286417e-06,-5.870601105040357,1.4051001076746102e-05,1.0429242550638984e-07,0.0004957083361555683,3.679355260100322e-06
GreenChannel_Canny,440,0.7962823900245678,0.01886995932624414,0.692156862745098,0.07162754610613063,0.7595744680851064,0.11536546137639112,0.703616636528029,0.0428897276743473,0.7930263029643582,0.041167409334336956,0.936056748577714,0.02431966931112438,0.030296579503005978,0.002887372048062805,0.01624297405854598,0.001607568282927265,0.029294755877034312,0.004882087216712872,0.01169572196183089,2,nenhum,GreenChannel,nenhum,Canny,-0.1159667176563296,1.9689167291419398e-10,2.0310833892185386e-07,-7.812812297903109,9.431111132589891e-08,1.1671413600583663e-09,8.347752729688194e-05,7.07801787151915e-07
HistogramEq_Grayscale_CLAHE4.0_Canny,441,0.7954271543132619,0.014004267181615243,0.6435729847494553,0.10017154476689313,0.7968085106382979,0.14641998130379535,0.669620253164557,0.05930530392160695,0.7598849152120731,0.05748366596723542,0.9439199170984166,0.028270599708813716,0.02777523751542278,0.004902374374759209,0.014726303362228821,0.0026518078902264416,0.03001808318264008,0.008447425215843211,0.00867993472606841,4,HistogramEq,Grayscale,CLAHE4.0,Canny,-0.11682195336763546,3.779884800011073e-13,9.973251755158544e-09,-9.86125248904509,2.0486975616060014e-10,6.152159611010741e-12,5.056438639865382e-06,8.311043129298787e-08
HistogramEq_GreenChannel_Canny,442,0.7942057201131043,0.018354694453299517,0.7200435729847495,0.07324532476975838,0.7095744680851064,0.13988451551979994,0.7182640144665461,0.03955218260974267,0.807426834642601,0.03723672370150404,0.9265770590405887,0.026234592105298063,0.02383922297321027,0.0036745850174085557,0.01270355606806951,0.0020433587461436225,0.0195298372513562,0.00727334689764838,0.011376357484861562,3,HistogramEq,GreenChannel,nenhum,Canny,-0.11804338756779309,9.352834283109351e-11,3.4643701983599556e-08,-8.131671003053889,4.5641831301573635e-08,6.109907850998061e-10,1.638647103824259e-05,1.9339930718999754e-07
Gamma0.8_MaxGreen2.0_Otsu,443,0.7941292356185974,0.016692948388921155,0.7884531590413943,0.0666178388152659,0.6074468085106383,0.10380444794084312,0.7576853526220615,0.04011949678672391,0.8424465008396904,0.03327739592115945,0.9087053574917159,0.015640052863539918,0.03788672686751825,0.002754131249354702,0.02027669681658564,0.0015522807207573846,0.03978300180831823,0.0079052905657649,0.010346396603435304,3,Gamma0.8,MaxGreen2.0,nenhum,Otsu,-0.11811987206230001,1.4114879238119114e-11,3.132634727272997e-08,-8.765057868349357,7.1703586529645095e-09,1.193537582635072e-10,1.4973993996364927e-05,1.8380254777367075e-07
HistogramEq_GreenChannel_CLAHE4.0_Canny,444,0.7921962638483289,0.02661865794115613,0.6784313725490196,0.059400773685199915,0.7819148936170213,0.08289836686213445,0.6960216998191682,0.040591721610038496,0.7862021088049835,0.03528395271238052,0.939248645674272,0.01762339981864458,0.026794237320358037,0.0031616525428685214,0.01418650640142249,0.001693336071567871,0.026401446654611173,0.005667346244023217,0.016498415120792403,4,HistogramEq,GreenChannel,CLAHE4.0,Canny,-0.12005284383256853,3.100897382926314e-08,6.326138040060767e-07,-6.0286380267372275,1.1380293395339573e-05,8.531177010443208e-08,0.00024355631454233952,1.8999375577260637e-06
Retinex_Frangi,445,0.7913827469522088,0.01433573907380908,0.8294117647058824,0.04920136292825144,0.49468085106382975,0.09636651235249075,0.7725135623869801,0.025698203919419838,0.8575789418461767,0.020245565034556295,0.8898447957381853,0.012747450631272876,0.024498874564061142,0.002974700004293554,0.01299400699820052,0.001646530246046407,0.02622061482820971,0.006990604885318374,0.00888538313336144,2,Retinex,nenhum,nenhum,Frangi,-0.12086636072868862,3.8134123626183167e-13,1.6358395685338457e-09,-10.036089125254708,2.0630560881765093e-10,6.152159611010741e-12,8.866250461453443e-07,2.7664933879616506e-08
Retinex_Grayscale_Frangi,446,0.791380429240254,0.014321415589251688,0.8294117647058824,0.04920136292825144,0.49468085106382975,0.09636651235249072,0.7725135623869801,0.025698203919419835,0.8575789418461767,0.020245565034556295,0.8898447957381853,0.012747450631272911,0.02450144305064702,0.002977655657439583,0.01299540557057859,0.001648034233804641,0.02603978300180826,0.006935816691328511,0.008876505345656044,3,Retinex,Grayscale,nenhum,Frangi,-0.12086867844064342,3.7282070100304896e-13,1.6190054657678334e-09,-10.043390009492372,2.0244164064465558e-10,6.152159611010741e-12,8.791199679119336e-07,2.7664933879616506e-08
HistogramEq_MaxGreen2.0_AHE40.0_Canny,447,0.7909933713438094,0.021955288429174536,0.5185185185185185,0.15853156246283595,0.874468085106383,0.13640272701978393,0.5790235081374322,0.11106012351267622,0.6588032329252715,0.12104590599899749,0.9608035120235149,0.028860740242626293,0.03033357612805459,0.004238718988040065,0.0161680178548458,0.0023118614424311704,0.02712477396021696,0.006205925341161544,0.01360802875193786,4,HistogramEq,MaxGreen2.0,AHE40.0,Canny,-0.12125573633708797,1.5973541472079467e-09,1.503999670577083e-07,-7.204104970644301,6.872173551545141e-07,6.248153977173941e-09,6.33183861312952e-05,5.521192743679414e-07
HistogramEq_CLAHE4.0_Canny,448,0.7908867565938905,0.016373567196097897,0.7446623093681917,0.06827052305959451,0.6734042553191489,0.1255789870473065,0.7325497287522603,0.037743876021011334,0.8206435863320534,0.03350032575476689,0.9195823380273247,0.020825150038631418,0.024448444694654993,0.0034868187252825376,0.01291904550832534,0.0018973595411506514,0.02133815551537067,0.006701358461573141,0.010148442089251291,3,HistogramEq,nenhum,CLAHE4.0,Canny,-0.12136235108700688,6.525475769130006e-12,6.137668328995492e-08,-9.139514669263546,3.341043593794563e-09,5.86273213632774e-11,2.7865014213639534e-05,2.892753515715089e-07
Gamma0.8_GreenChannel_CLAHE4.0_Canny,449,0.7908496732026145,0.023780555443404957,0.6276688453159041,0.0993322302568171,0.8042553191489361,0.17337488329756054,0.6576853526220615,0.05556015155311806,0.7488455682542038,0.05543987148932673,0.945674224988769,0.03381462698565404,0.02849615387676918,0.0030054461129943575,0.01518314708376103,0.0016457254862468045,0.029113924050632872,0.007205593008930008,0.014739340968114708,4,Gamma0.8,GreenChannel,CLAHE4.0,Canny,-0.12139943447828294,5.5050701212829745e-09,1.5075256708829007e-07,-6.733627859215637,2.180007768028058e-06,1.75856406652095e-08,6.33183861312952e-05,5.521192743679414e-07
LABNorm_MaxGreen2.0_Otsu,450,0.7907546470124693,0.022582173936750174,0.8830065359477125,0.0653921486968929,0.4457446808510638,0.1735379982864072,0.8086799276672695,0.02723572512876272,0.8835630723242882,0.02306632928103947,0.8883862714744696,0.02601151658048739,0.03602512943002984,0.004110795698909862,0.0192410949392987,0.0023141724605809737,0.030922242314647342,0.009079686673414349,0.013996576415011452,3,LABNorm,MaxGreen2.0,nenhum,Otsu,-0.12149446066842806,2.4544050160781028e-09,1.6562924821452389e-07,-7.046756408504963,1.025941296720647e-06,8.932170153448791e-09,6.857050876081289e-05,5.878815908848841e-07
Retinex_MaxGreen2.0_Canny,451,0.7905437352245863,0.023141594760978903,0.6313725490196078,0.10983312003957181,0.8117021276595745,0.05652664688229922,0.6620253164556962,0.08679697438511205,0.7508223614733197,0.08704587407546667,0.9420997676312212,0.01495552541040272,0.03295453309958067,0.0027178454766996884,0.017904845054944808,0.0015750547568924602,0.03833634719710667,0.0035964879783426896,0.014343309034129384,3,Retinex,MaxGreen2.0,nenhum,Canny,-0.12170537245631108,3.5308168356198007e-09,4.34761396919491e-08,-6.9118653421637255,1.4582273531109777e-06,1.2455335463075983e-08,2.0085976537680484e-05,2.1831267888598378e-07
Retinex_GreenChannel_AHE40.0_Canny,452,0.7896884995132806,0.01572254905741441,0.5636165577342048,0.10768126757289333,0.8553191489361703,0.10094867148174803,0.6132007233273056,0.07359482603208897,0.7018499108286497,0.07989199418292943,0.9542568619499392,0.023113353083015035,0.02991328415510306,0.004251621655685458,0.01597158481453116,0.002323561064636913,0.028571428571428532,0.008299898482487505,0.009744936866451946,4,Retinex,GreenChannel,AHE40.0,Canny,-0.12256060816761682,2.390043668560714e-12,2.1896696763462513e-08,-9.515971244093288,1.245212751320132e-09,2.4661925525052918e-11,1.064179462704278e-05,1.3989556265545495e-07
HistogramEq_AHE40.0_Canny,453,0.7894196449265285,0.025447145165535177,0.6183006535947713,0.11742629708244358,0.8212765957446809,0.13445282254705804,0.6528028933092225,0.07791406211962158,0.7414928812872852,0.07666710868361622,0.9483493087846092,0.02503007144262706,0.03032726710366749,0.0036115922799953956,0.01613642247286596,0.001981331862511308,0.03056057866184444,0.008586074204011784,0.0157723039797186,3,HistogramEq,nenhum,AHE40.0,Canny,-0.1228294627543689,1.3038704375428726e-08,6.17892654472708e-07,-6.419873420565485,4.967746367038344e-06,3.844746161985394e-08,0.000239124457280938,1.8798321498508313e-06
Retinex_GreenChannel_CLAHE4.0_Canny,454,0.78724794882492,0.029158143282490334,0.6017429193899783,0.12001613354201804,0.8117021276595745,0.1142537563011919,0.6374321880650995,0.08223044388567881,0.7271065960873937,0.08576209901244723,0.9444854397009831,0.027089388008359513,0.02692408335246459,0.003039890446502411,0.014439738485534159,0.0017846616056465862,0.030922242314647345,0.008415104888627498,0.018072404442384744,4,Retinex,GreenChannel,CLAHE4.0,Canny,-0.1250011588559774,6.712578741583137e-08,7.664383712066264e-07,-5.782011995568994,2.3225522445877652e-05,1.6781446853957844e-07,0.00028971370431610477,2.225767997190961e-06
Gamma0.8_AHE40.0_Canny,455,0.7870509433087657,0.018921942755262353,0.6291938997821351,0.1167280782861829,0.7893617021276595,0.14798752253353117,0.6564195298372514,0.07380951765626961,0.7472244296241303,0.06859044482947407,0.940337268812533,0.026013316982978027,0.02675830253990643,0.0052878859260640735,0.014282193371694929,0.0029071144967032247,0.03056057866184444,0.01093164577967802,0.011727941624942404,3,Gamma0.8,nenhum,AHE40.0,Canny,-0.12519816437213172,7.914302058951619e-11,1.15857196913817e-08,-8.416005361218382,3.8859223109452445e-08,5.353792569290801e-10,5.816031285073614e-06,9.002417327762808e-08
LABNorm_GreenChannel_CLAHE4.0_Canny,456,0.7858828164835674,0.026510948606526717,0.6084967320261437,0.08392152589404096,0.8308510638297874,0.11285847491612824,0.6462929475587703,0.05311382330110335,0.737609580748383,0.054113700503720406,0.9494978483293485,0.025875201418565693,0.02568402194268386,0.0037687043901877826,0.01363219225903636,0.0020679016527676893,0.03363471971066903,0.006503244826647943,0.016431656183545126,4,LABNorm,GreenChannel,CLAHE4.0,Canny,-0.12636629119733,1.707418979761337e-08,3.6814147677115655e-08,-6.368695055526352,6.436969553700241e-06,4.9334970520742146e-08,1.7339463555921473e-05,1.9943828709530502e-07
Gamma0.8_Grayscale_Canny,457,0.7853752375654753,0.020270698686217902,0.6261437908496732,0.05541369102753354,0.8021276595744681,0.07852828672718531,0.6560578661844485,0.03681160405063137,0.7500760872490932,0.036492598141803875,0.9405489550002623,0.018728341741091073,0.03486911872090189,0.0023504781234814694,0.01881729048734925,0.0013319186005175114,0.03905967450271244,0.0071422848673169835,0.012563909211840552,3,Gamma0.8,Grayscale,nenhum,Canny,-0.12687387011542206,2.391289925267166e-10,4.2297155775616646e-08,-8.060856608609841,1.1430365842777053e-07,1.395445468045149e-09,1.965397719316668e-05,2.1543530493157934e-07
Gamma0.8_Canny,458,0.7853752375654753,0.020276042201866684,0.625925925925926,0.05532653894119655,0.8021276595744681,0.07852828672718531,0.655877034358047,0.03669544686233929,0.7499164802519225,0.03640192242225436,0.940532570958319,0.018720311929305344,0.03486956080014876,0.0023491827506158737,0.018817547544196,0.0013312792857269723,0.03887884267631099,0.006832901777428934,0.012567221157152482,2,Gamma0.8,nenhum,nenhum,Canny,-0.12687387011542206,2.402593066721213e-10,4.2337720795249504e-08,-8.059094714306083,1.1460368928260187e-07,1.395445468045149e-09,1.965397719316668e-05,2.1543530493157934e-07
LABNorm_AHE40.0_Canny,459,0.7850832058591759,0.020995032970524245,0.5555555555555556,0.12730140790797634,0.852127659574468,0.14329488431915022,0.6059674502712478,0.08273788904849673,0.6930395811171292,0.08731034481083128,0.9554373149882043,0.03141960779385084,0.031022526653108572,0.004338083198799601,0.01661314768431844,0.002330392712528124,0.03019891500904156,0.008737086596341532,0.013012856252488728,3,LABNorm,nenhum,AHE40.0,Canny,-0.1271659018217215,4.3152657871750756e-10,2.1321446110147002e-08,-7.846204704140958,2.0238596541851104e-07,2.312665259215171e-09,1.0383544255641591e-05,1.3775091588016322e-07
LABNorm_Grayscale_AHE40.0_Canny,460,0.783115468409586,0.024968983984472035,0.5814814814814815,0.10946107518956584,0.852127659574468,0.1156104509523163,0.6274864376130199,0.07291806565517521,0.7160787808352405,0.07548826729429921,0.9550797151750624,0.026155951057688354,0.02794473840674147,0.004148650975796625,0.014887672561961501,0.0022971532490638135,0.03490054249547917,0.006714899308804655,0.0154759366092348,4,LABNorm,Grayscale,AHE40.0,Canny,-0.12913363927131138,5.763435142885671e-09,1.2953735783035286e-07,-6.863313482888408,2.270793446296954e-06,1.8208654984391542e-08,5.531245179356067e-05,4.998924882714959e-07
HistogramEq_MaxGreen2.0_CLAHE4.0_Canny,461,0.7819079404811571,0.0231746518255494,0.5657952069716775,0.0884378344283399,0.8648936170212765,0.07737487891901355,0.6166365280289331,0.0638427126629155,0.7065310571311202,0.06447542303950107,0.955354393655733,0.019807348783231468,0.02471985275232903,0.004018502750793657,0.01314413573315169,0.0021734516804259585,0.01971066907775762,0.006843528380704004,0.014363798015022583,4,HistogramEq,MaxGreen2.0,CLAHE4.0,Canny,-0.13034116719974032,1.6653886931401246e-09,1.539555523921637e-07,-7.393185909565313,7.127863606639733e-07,6.4702601253754846e-09,6.435342089992442e-05,5.602812824398363e-07
LABNorm_MaxGreen2.0_AHE40.0_Canny,462,0.7806865062809993,0.010646787432086408,0.5315904139433552,0.09809568292342456,0.8914893617021276,0.07782052042181677,0.5927667269439422,0.07037639732987996,0.6789828931830264,0.08220652934271808,0.9633286653394579,0.021045922157939597,0.024504708227550832,0.005272872976777586,0.013260882170176031,0.002932921331509213,0.01681735985533451,0.006208851974354713,0.00659894721761347,4,LABNorm,MaxGreen2.0,AHE40.0,Canny,-0.13156260139989806,1.80307021705757e-16,2.2158549038491897e-09,-13.225320740447188,1.0205377428545846e-13,1.0367653748081027e-14,1.1876982284631657e-06,3.18529142428321e-08
LABNorm_CLAHE4.0_Canny,463,0.7801117137162193,0.0224364601116073,0.5318082788671024,0.11485451788616277,0.8595744680851064,0.09392813124052941,0.5875226039783001,0.08029534937357688,0.6746691963620449,0.0902217488777928,0.9534674438002859,0.02413396217852106,0.031831240046449,0.004871198170166261,0.01714822262185648,0.002790893731819011,0.03200723327305602,0.006875309643211053,0.013906262050502162,3,LABNorm,nenhum,CLAHE4.0,Canny,-0.13213739396467805,8.447880149511111e-10,1.0963792268015577e-07,-7.706688656357009,3.776202426831467e-07,3.765527973619293e-09,4.747322052050745e-05,4.408517870006264e-07
HistogramEq_MaxGreen2.0_Canny,464,0.780076948036898,0.01703933882566553,0.7350762527233116,0.07866100491935414,0.6436170212765957,0.13699605512114796,0.7195298372513562,0.04339503357796356,0.8109368852544787,0.04207225406250901,0.9125310559704755,0.024709231201937215,0.02625419660151131,0.004061493342763663,0.0139608979755215,0.0022556183653246967,0.01898734177215185,0.007443694415448135,0.010561091620438594,3,HistogramEq,MaxGreen2.0,nenhum,Canny,-0.13217215964399942,4.7526433090195044e-12,1.3765808353272131e-09,-9.653755146373516,2.4476113041450446e-09,4.4435892642842726e-11,7.516131360886583e-07,2.6115078449431848e-08
Gamma0.8_CLAHE4.0_Canny,465,0.7792101237658183,0.01962662118870108,0.5442265795206971,0.1100968990852232,0.8425531914893618,0.09352563775381427,0.5949367088607594,0.07710780659649129,0.6843311592101852,0.08451081102672137,0.9479914275812072,0.023096880279700437,0.02874502219642468,0.004732989376120863,0.015387474650165739,0.0026186058276101262,0.02784810126582275,0.0051288842401887155,0.01216470584300489,3,Gamma0.8,nenhum,CLAHE4.0,Canny,-0.13303898391507907,7.397116929885219e-11,5.472829279113371e-08,-8.680659366813646,3.654175763363298e-08,5.127601124878091e-10,2.506555809833924e-05,2.6530755110043174e-07
Retinex_Grayscale_CLAHE4.0_Canny,466,0.7791985352060447,0.03938732944854733,0.5978213507625273,0.08394760179832232,0.8191489361702129,0.1163207054387002,0.6354430379746836,0.055776514328995844,0.7282727547202743,0.05576910179528724,0.94491164823547,0.028691102412110286,0.03112622192027654,0.0038218506617059118,0.01670191600543389,0.002098477688565361,0.03453887884267628,0.011063794981946585,0.024412519713731335,4,Retinex,Grayscale,CLAHE4.0,Canny,-0.13305057247485275,1.125832640213002e-06,2.2099496358634014e-06,-4.65211172900263,0.00032012182179087085,2.2169649593235485e-06,0.0007756923221880539,5.647649069428693e-06
GreenChannel_CLAHE4.0_Canny,467,0.7783108515273722,0.025389777221010774,0.593681917211329,0.12534861327712424,0.8159574468085106,0.17893224879959416,0.6314647377938517,0.07669107865469181,0.7212530978846637,0.0771835266475083,0.9473351715740304,0.03365195601584792,0.02576633861143669,0.0029242988508866516,0.0136562519082958,0.0015986522546164836,0.027305605786618403,0.004128003295542852,0.015736746959320255,3,nenhum,GreenChannel,CLAHE4.0,Canny,-0.13393825615352517,4.948289149213288e-09,8.150330544816266e-08,-7.014476907031639,1.9793156596853153e-06,1.6166285572713865e-08,3.610596431353606e-05,3.4890242901477493e-07
Grayscale_CLAHE4.0_Canny,468,0.7775367357344829,0.022714053307429528,0.6666666666666667,0.07322912224229793,0.7563829787234042,0.11946197479684931,0.6819168173598553,0.04274547169223134,0.7747098745598906,0.04160583434856251,0.932963588671605,0.02299036183608285,0.025674074972697043,0.0048012950295440475,0.01365662111542586,0.0026445185457196147,0.02748643761301985,0.006252587090965615,0.014078316095807784,3,nenhum,Grayscale,CLAHE4.0,Canny,-0.1347123719464145,8.28041540294979e-10,1.0664001360706314e-07,-7.774443000971719,3.709626100521506e-07,3.719717856793851e-09,4.6281765905465406e-05,4.3181695650747394e-07
Gamma0.8_Grayscale_AHE40.0_Canny,469,0.7773490010661476,0.015824492257240547,0.6163398692810457,0.12111256357877248,0.7851063829787235,0.14111514885780732,0.6450271247739602,0.07801681965580048,0.7363103482033855,0.07678308215975925,0.9383100813294897,0.026121605531420636,0.0311768317966217,0.0033655302000723205,0.016678311472726,0.0018731234618709007,0.033996383363471924,0.007372578590196819,0.009808121916321537,4,Gamma0.8,Grayscale,AHE40.0,Canny,-0.13490010661474983,7.128859694014209e-13,1.370878135681472e-08,-10.423646507152357,3.806811076603588e-10,9.75974839061469e-12,6.85439067840736e-06,1.0371775368642716e-07
LABNorm_GreenChannel_CLAHE4.0_Frangi,470,0.777292217123256,0.008829077293371337,0.437037037037037,0.14383558938078983,0.9117021276595745,0.08256397531379363,0.5177215189873418,0.10684578530707924,0.5868725992292738,0.14126040663032752,0.9682073835557453,0.027073922940708366,0.0180324393666626,0.0019766672462316684,0.00959362613046069,0.0011176560931226022,0.02224231464737789,0.005326956261672268,0.0054723188014067035,4,LABNorm,GreenChannel,CLAHE4.0,Frangi,-0.13495689055764137,1.2074361227627717e-17,2.2725050870150843e-10,-14.971420799207563,6.918608983430682e-15,2.3142525686286458e-15,1.2748753538154622e-07,8.71126950022449e-09
HistogramEq_Canny,471,0.776980484865341,0.017019590125678347,0.6803921568627451,0.06532759651749183,0.7446808510638298,0.1119130059436844,0.6913200723327305,0.038218359573271604,0.78370000880126,0.03856421342973653,0.9309698943474334,0.023882443885381834,0.022301001223100362,0.0025756866403770775,0.01179216458085131,0.0013999284755908277,0.0188065099457504,0.006723010726268181,0.010548851249372373,2,HistogramEq,nenhum,nenhum,Canny,-0.1352686228155564,3.3940398868653573e-12,5.025783137459845e-09,-9.888793323526004,1.7513245816225243e-09,3.252621558245967e-11,2.6184330146165793e-06,5.254227825526202e-08
HistogramEq_Grayscale_Canny,472,0.7769573077457934,0.016998633827409855,0.6803921568627451,0.06532759651749181,0.7446808510638298,0.11191300594368438,0.6913200723327305,0.0382183595732716,0.78370000880126,0.03856421342973654,0.9309698943474334,0.023882443885381834,0.02230134931034587,0.002575455131270964,0.01179239572732846,0.001399854898774004,0.0188065099457504,0.00672301072626818,0.010535862401136936,3,HistogramEq,Grayscale,nenhum,Canny,-0.13529179993510398,3.298015102650065e-12,4.988140119842318e-09,-9.89992171710524,1.7050738080700836e-09,3.214167261057267e-11,2.60380914255769e-06,5.254227825526202e-08
Retinex_CLAHE4.0_Canny,473,0.7769225420664719,0.047840993860524844,0.5838779956427016,0.09465361080686194,0.8138297872340425,0.10546292452456069,0.6229656419529837,0.06656341774263212,0.7157258684921326,0.069927977779309,0.9420382913015561,0.029986585028826427,0.03052593303510346,0.0036649854221544593,0.01650849894262097,0.0022286233703009395,0.033815551537070485,0.008089291216092006,0.0296521552005765,3,Retinex,nenhum,CLAHE4.0,Canny,-0.13532656561442546,6.484279664940549e-06,1.5052721824277619e-05,-3.9284352943599874,0.0015043528822662072,1.0838548858548883e-05,0.004551270618817808,3.158874105459719e-05
LABNorm_GreenChannel_Canny,474,0.7759954572845686,0.022387240490538265,0.6860566448801743,0.09527809880684875,0.7425531914893617,0.10408873650472246,0.6956600361663653,0.06316212920050034,0.7856284608407701,0.059386974917667014,0.9310388770320683,0.019440972421449983,0.030688178474073728,0.00348598081964106,0.01638343966293688,0.0019157933769278473,0.03110307414104878,0.006862085338520904,0.013875755413305043,3,LABNorm,GreenChannel,nenhum,Canny,-0.13625365039632875,5.719321080416938e-10,5.972514600445541e-08,-7.961713805417751,2.636607018072209e-07,2.8596605402084693e-09,2.7174941432027212e-05,2.8381784258315584e-07
Retinex_GreenChannel_CLAHE4.0_Frangi,475,0.7745190747693876,0.026520664172438035,0.43267973856209146,0.10887531786082774,0.9276595744680851,0.08610524942284363,0.5168173598553345,0.07792711820634322,0.5904937276354909,0.09634003643083858,0.9723717392471635,0.025284441557497834,0.0166049475128528,0.0021733260175097542,0.008742118194524159,0.0011632739424463758,0.023146473779385147,0.00691483081359855,0.016437677953684428,4,Retinex,GreenChannel,CLAHE4.0,Frangi,-0.13773003291150976,6.865371560913544e-09,2.445778721984578e-08,-6.9391427587944925,2.677494908756282e-06,2.115752347970072e-08,1.1788653439965666e-05,1.4960880480224815e-07
LABNorm_Grayscale_CLAHE4.0_Canny,476,0.7731748018356279,0.024470807271854075,0.5664488017429193,0.08271219186581755,0.8436170212765959,0.07688577870225144,0.6135623869801086,0.05671223587894487,0.7057291744159273,0.055116436917770795,0.948482288552435,0.016672205978399093,0.02625910318908297,0.0024891496987160594,0.013973839471346491,0.001344946351586955,0.030379746835443,0.006367745700419169,0.015167163483765731,4,LABNorm,Grayscale,CLAHE4.0,Canny,-0.13907430584526947,1.8838985390533863e-09,1.1194966938159557e-07,-7.523671072405435,8.016113003122407e-07,7.126589868129587e-09,4.836225717284928e-05,4.4479007798981344e-07
Gamma0.8_MaxGreen2.0_Canny,477,0.7725548138877301,0.012485910630241967,0.7806100217864924,0.02761628289044183,0.5829787234042553,0.04882812617888941,0.7470162748643762,0.016139233471164714,0.8364320392722453,0.013528290165207771,0.9016323135826273,0.0076892474994306554,0.04327623666929787,0.002740458925395667,0.023844386992175132,0.001617648437525104,0.04412296564195295,0.008867112982969638,0.00773884758556312,3,Gamma0.8,MaxGreen2.0,nenhum,Canny,-0.13969429379316733,1.706959146419189e-15,2.6514955268198342e-11,-12.740066776929268,9.627249585804226e-13,8.179179243258614e-14,1.519306936867765e-08,4.758353511713314e-09
HistogramEq_GreenChannel_AHE40.0_Canny,478,0.771084225652436,0.026572542123400263,0.6721132897603486,0.11819381275152285,0.723404255319149,0.16079126310290262,0.6808318264014467,0.07504581314768892,0.7716377214759991,0.07923193442762133,0.9282119644493854,0.03559024947368797,0.02667277832409387,0.00293230053765434,0.01413904199595078,0.0015799145538222341,0.02622061482820972,0.006161859041669953,0.016469832240819528,4,HistogramEq,GreenChannel,AHE40.0,Canny,-0.14116488202846145,5.425459433323151e-09,2.574258668053211e-07,-7.099799132210345,2.159332854462614e-06,1.7454045786195117e-08,0.00010502975365657102,8.81070675077736e-07
Gamma0.8_GreenChannel_Canny,479,0.7709289389514671,0.016945636772224798,0.6291938997821351,0.06229226844263481,0.7797872340425532,0.0894362516910421,0.6547920433996384,0.03851571687092041,0.7499434507882052,0.03955592065761055,0.9350264838703936,0.020263773917348477,0.031931101026380325,0.0036430116227173797,0.01717027543243451,0.0020140439546572596,0.028390596745027093,0.0071853950911081885,0.010503014486018317,3,Gamma0.8,GreenChannel,nenhum,Canny,-0.14132016872943032,1.7095691988909413e-12,2.112332598351867e-08,-10.366037951150155,8.923951218210713e-10,1.8203746099301688e-11,1.030818307995711e-05,1.3775091588016322e-07
Gamma0.8_MaxGreen2.0_AHE40.0_Canny,480,0.7706670375005794,0.016142256179050195,0.6008714596949891,0.0881137260206166,0.824468085106383,0.11569743334096066,0.638878842676311,0.05589917065536814,0.7306656785030311,0.05975059896787814,0.9474202869148405,0.02706819607488658,0.02269121337503715,0.0039106460970056,0.012063355865255889,0.0021196135668061894,0.018987341772151868,0.006561645888208926,0.01000507403554618,4,Gamma0.8,MaxGreen2.0,AHE40.0,Canny,-0.141582070180318,5.661015953005783e-13,1.7787577192016412e-09,-10.777765063205925,3.0456265827171115e-10,8.566010981521908e-12,9.623079260880879e-07,2.9222448244026965e-08
AHE40.0_Canny,481,0.7706647197886247,0.02639572275625717,0.643355119825708,0.1417817356592671,0.7404255319148937,0.1848194836513348,0.6598553345388789,0.08823345498223213,0.7502712841185094,0.08829947727462173,0.9309631444487225,0.03272662365855448,0.02789044467586852,0.003401324155471649,0.01488512489859729,0.0018593838397039661,0.027305605786618403,0.007787208130063228,0.016360238461637592,2,nenhum,nenhum,AHE40.0,Canny,-0.14158438789227268,4.776471124197181e-09,3.7459713054422506e-08,-7.1634517384065886,1.929694334175661e-06,1.590240431980276e-08,1.7531145709469733e-05,1.9943828709530502e-07
HistogramEq_Grayscale_AHE40.0_Canny,482,0.7691582070180318,0.029970011067144264,0.5708061002178649,0.11016489945563661,0.8351063829787234,0.11160358143160441,0.6157323688969258,0.07659840172590784,0.7055739954272322,0.083277738880592,0.9480022052252133,0.02500586591649477,0.027743913905131513,0.0027715617489017168,0.01475164560884401,0.0014868077260624737,0.028933092224231415,0.00843881856540086,0.018575605308635362,4,HistogramEq,Grayscale,AHE40.0,Canny,-0.14309090066286556,2.404977219965402e-08,4.4775073511411004e-07,-6.4550907503378765,8.922465486071641e-06,6.745667812098079e-08,0.0001777570418403017,1.4383054340257723e-06
Retinex_GreenChannel_AHE40.0_Frangi,483,0.7688754461595513,0.019807706446299086,0.5387799564270153,0.1419861736124652,0.8297872340425532,0.18011950495319567,0.5882459312839059,0.0888677993323599,0.675485856962088,0.09315394217010765,0.9482791554278382,0.03445827488350453,0.02437727987645352,0.0018875504183267435,0.01284915458692997,0.0009955006764389668,0.01971066907775764,0.0033506792307865766,0.012276943648483737,4,Retinex,GreenChannel,AHE40.0,Frangi,-0.14337366152134612,3.488773716953892e-11,5.503899482426102e-09,-9.284684082614508,1.7478756321938998e-08,2.674726516331317e-10,2.845516032414295e-06,5.3639698345678115e-08
MaxGreen2.0_Otsu,484,0.7686367218282112,0.01805248567993017,0.8714596949891067,0.0416420368535409,0.44468085106382976,0.10950501597514202,0.7989150090415913,0.01865287082564577,0.8775623136425177,0.01508917192756593,0.8854535871000214,0.01643912171669083,0.038475885475404294,0.0028148356385290754,0.02058821849587958,0.0016202898985951358,0.03634719710669074,0.007355309685729535,0.01118904654652594,2,nenhum,MaxGreen2.0,nenhum,Otsu,-0.1436123858526862,5.334573405293677e-12,3.3501242460303264e-09,-10.02476470496556,2.736636156915656e-09,4.868856679434705e-11,1.775565850396073e-06,4.1876553075379075e-08
MaxGreen2.0_AHE40.0_Canny,485,0.7686019561488899,0.016669860086079697,0.5211328976034858,0.08129602699343548,0.874468085106383,0.09065816273063716,0.5811934900542496,0.05360409000033782,0.6703852561846202,0.06005911810215066,0.956520798853945,0.02394441280732361,0.02407222146903664,0.003896456580455868,0.01280103513572739,0.0020843197053900687,0.02097649186256777,0.006275787864892266,0.010332086325075103,3,nenhum,MaxGreen2.0,AHE40.0,Canny,-0.14364715153200747,9.531947044283164e-13,8.520833933892267e-09,-10.670624592022381,5.070995827558643e-10,1.237902876210803e-11,4.354146140218948e-06,7.373268578657686e-08
Gamma0.8_Grayscale_CLAHE4.0_Canny,486,0.7667477865850831,0.023667917087743275,0.7156862745098039,0.08919906628208049,0.6606382978723404,0.1589388444016927,0.7063291139240506,0.049037703074221645,0.7990486974784712,0.046297406118671565,0.9152178696197536,0.028930095393096166,0.02554503237076361,0.001441934253701839,0.01359427343072812,0.0007642714996128229,0.02820976491862563,0.0069880056642263695,0.014669526991980446,4,Gamma0.8,Grayscale,CLAHE4.0,Canny,-0.14550132109581426,6.724784840513771e-10,5.160403650588065e-08,-8.103861455091414,3.059777102433766e-07,3.1956622175995195e-09,2.3686252756199217e-05,2.536095811186442e-07
Retinex_MaxGreen2.0_CLAHE4.0_Canny,487,0.7648866638854124,0.030176609255371096,0.7224400871459695,0.07140742371492564,0.6617021276595745,0.13332578822774294,0.7121157323688969,0.039625604211100944,0.8047059516991937,0.03667206989866975,0.9148241786772898,0.023260832635196713,0.030404810258434323,0.0035755350550861656,0.01624647001696179,0.001979816787510654,0.033273056057866145,0.0033234596147294023,0.01870365619234651,4,Retinex,MaxGreen2.0,CLAHE4.0,Canny,-0.14736244379548502,1.946637371808834e-08,3.4280839051098e-08,-6.606154533414808,7.2998901442831276e-06,5.568738750199401e-08,1.6249117710220453e-05,1.932498279841309e-07
LABNorm_Canny,488,0.7625712696426088,0.023522000377598863,0.7021786492374728,0.06082078713166145,0.7031914893617021,0.09428223790986556,0.7023508137432188,0.03889822936938782,0.7951989717706168,0.03717884682630285,0.9217035692093054,0.018504515312694994,0.034166198098067105,0.0049272453507273545,0.01837927948090197,0.002746002200911373,0.03924050632911389,0.008397816519285414,0.014579086878044399,2,LABNorm,nenhum,nenhum,Canny,-0.1496778380382886,4.415804749409965e-10,2.2833667755000575e-08,-8.38135421225544,2.0621808179744537e-07,2.312665259215171e-09,1.1051495193420279e-05,1.418063200471117e-07
LABNorm_Grayscale_Canny,489,0.7625712696426088,0.023537752836774475,0.7021786492374728,0.06082078713166139,0.7031914893617021,0.09428223790986556,0.7023508137432188,0.038898229369387825,0.7951989717706168,0.037178846826302826,0.9217035692093054,0.018504515312694987,0.03416534279881178,0.004928907793847474,0.018378674929982082,0.0027470603560964335,0.03924050632911389,0.008397816519285417,0.014588850353394175,3,LABNorm,Grayscale,nenhum,Canny,-0.1496778380382886,4.4644494569197217e-10,2.2935630894576326e-08,-8.376488042585962,2.0759689974676707e-07,2.312665259215171e-09,1.1077909722080365e-05,1.418063200471117e-07
Gamma0.8_MaxGreen2.0_CLAHE4.0_Canny,490,0.7607657720298522,0.023142755882630626,0.5982570806100218,0.08150594392384496,0.8095744680851065,0.10500885589275143,0.6341772151898735,0.05192984360935336,0.7278634787801338,0.05375025900089836,0.941760425313034,0.022820113958603543,0.02205046996551277,0.0033288483664871385,0.011719441734579509,0.0018627923629387774,0.02169981916817356,0.009568720835676628,0.014344028704785142,4,Gamma0.8,MaxGreen2.0,CLAHE4.0,Canny,-0.15148333565104521,2.944224339195377e-10,1.7423164550020265e-08,-8.60263625119189,1.395562336778609e-07,1.659734308860139e-09,8.609565948944903e-06,1.2217462946660551e-07
Grayscale_Canny,491,0.7601005886988366,0.027884700340594863,0.6174291938997822,0.07498830640644902,0.7702127659574468,0.11741819639830238,0.6433996383363472,0.04893831775778953,0.7394097922590445,0.0515468711542717,0.931746114947036,0.026580763334740815,0.03407766391915991,0.0037994164659839475,0.01834563330842428,0.0021524172897797065,0.039783001808318216,0.006657842686671038,0.017283116329720332,2,nenhum,Grayscale,nenhum,Canny,-0.15214851898206083,4.837903638300281e-09,1.2222174097818947e-07,-7.328229845985915,1.944837262596713e-06,1.590240431980276e-08,5.243312687964328e-05,4.780782385201289e-07
Canny,492,0.7600913178510175,0.027874604882898262,0.6174291938997822,0.07498830640644902,0.7702127659574468,0.11741819639830237,0.6433996383363472,0.04893831775778953,0.7394097922590445,0.0515468711542717,0.931746114947036,0.026580763334740798,0.03407688576680244,0.003799397932101518,0.01834533763845867,0.002152418870038545,0.039783001808318216,0.006657842686671039,0.01727685910021308,1,nenhum,nenhum,nenhum,Canny,-0.15215778982987993,4.81039353229135e-09,1.2169499203316208e-07,-7.331070156886895,1.9385885935134137e-06,1.590240431980276e-08,5.2328846574259694e-05,4.780782385201289e-07
Grayscale_AHE40.0_Canny,493,0.7596903536828443,0.028826037052613416,0.6806100217864924,0.12926325748818882,0.6691489361702128,0.21572703123258882,0.6786618444846293,0.07303780330823885,0.7724061020554762,0.07095255344461324,0.9167985965647834,0.0380931524245367,0.02753692015844459,0.004768224398300858,0.01463490892436573,0.0026125952142576187,0.02983725135623863,0.007295791703984456,0.01786656286852241,3,nenhum,Grayscale,AHE40.0,Canny,-0.15255875399805308,7.429668802592049e-09,1.6960720908031888e-07,-7.130536945743038,2.8752818266031228e-06,2.2603489743335598e-08,7.00477773501717e-05,5.983076393937629e-07
Retinex_CLAHE4.0_Frangi,494,0.7595003013025542,0.025190590354949877,0.531590413943355,0.11938697436087434,0.8425531914893618,0.12959525389651969,0.5844484629294756,0.07933643613213089,0.6725222001985092,0.08989165526050436,0.949239903328985,0.03217136966458452,0.01763098352722019,0.002702405845579477,0.009288365261991529,0.0014338870590778537,0.02206148282097644,0.003166708990129862,0.015613289660678563,3,Retinex,nenhum,CLAHE4.0,Frangi,-0.1527488063783432,1.0449466589972249e-09,1.5477297430728727e-08,-8.055445808539314,4.5977652995877895e-07,4.4179730067897374e-09,7.676739525641448e-06,1.1124307528336273e-07
LABNorm_MaxGreen2.0_AHE40.0_Frangi,495,0.759127149677838,0.028985988178824362,0.7488017429193901,0.08690993209792935,0.5936170212765958,0.1459339421004208,0.7224231464737794,0.04946594298679365,0.8148500186280396,0.04690508977646644,0.903084715274859,0.026851750022235076,0.028337409460344097,0.0025061245213845564,0.015047381422514699,0.0013687550330116563,0.02947558770343576,0.004974244975473838,0.017965701603656997,4,LABNorm,MaxGreen2.0,AHE40.0,Frangi,-0.1531219580030594,7.707033996996218e-09,1.6409893513794108e-07,-7.120988233897782,2.97491512284054e-06,2.332391867512013e-08,6.82651570173835e-05,5.876591380105317e-07
Retinex_AHE40.0_Frangi,496,0.7589996755203263,0.03194535232864603,0.6366013071895424,0.1000166377791852,0.7053191489361702,0.1307784880128041,0.6482820976491863,0.06463033928369646,0.7462355706094282,0.06313677586802466,0.9165887287497693,0.02615409704276093,0.025864466824151822,0.002519335640715996,0.01366087847304841,0.0013953309230902928,0.02206148282097645,0.004494599609959555,0.01979993450695671,3,Retinex,nenhum,AHE40.0,Frangi,-0.15324943216057108,2.698013991840569e-08,5.705670417462798e-07,-6.51957577545863,9.9556716298917e-06,7.494483310668248e-08,0.00022366228036454168,1.7748568921669373e-06
HistogramEq_Grayscale_Frangi,497,0.7580934501460158,0.025283077903666254,0.9076252723311546,0.055764720333289705,0.2797872340425531,0.14282022200687777,0.8009041591320072,0.023274366634089896,0.882614746352027,0.01853602144946644,0.8614215628955095,0.017404149873474946,0.024643580416146442,0.002998242953040055,0.013086688370714989,0.0016464468828377254,0.01573236889692583,0.0036216561508860177,0.015670614037271872,3,HistogramEq,Grayscale,nenhum,Frangi,-0.15415565753488158,9.995696311078594e-10,2.5202417613215715e-09,-8.103379499644719,4.4180977694967385e-07,4.289198043932978e-09,1.3483293423070408e-06,3.42297362659502e-08
HistogramEq_Frangi,498,0.7580888147221063,0.02530763929274191,0.9076252723311546,0.0557647203332897,0.2797872340425531,0.1428202220068778,0.8009041591320072,0.023274366634089896,0.882614746352027,0.018536021449466446,0.8614215628955095,0.01740414987347495,0.02464354190383829,0.0030011819374953456,0.01308670937949286,0.0016480561360572475,0.01573236889692583,0.0036216561508860185,0.015685837343939295,2,HistogramEq,nenhum,nenhum,Frangi,-0.15416029295879108,1.014274372060714e-09,2.5377376685371837e-09,-8.096676160147963,4.4729499807877486e-07,4.320057510628967e-09,1.3551519149988562e-06,3.42297362659502e-08
Retinex_MaxGreen2.0_AHE40.0_Frangi,499,0.7561767023594308,0.044308921227848144,0.4651416122004357,0.11035264024424409,0.897872340425532,0.13088901792484092,0.5386980108499095,0.07420448434663136,0.6191121963612671,0.08834919128249544,0.9638268523240034,0.032443421580798514,0.02792260879942659,0.0030801986504982023,0.014836450127574818,0.0016861721382124665,0.03652802893309219,0.011042428352071825,0.027462953902016994,4,Retinex,MaxGreen2.0,AHE40.0,Frangi,-0.1560724053214666,8.682480874342997e-07,2.354461610626641e-06,-4.877449465091465,0.0002517919453559469,1.745603672289239e-06,0.000819352640498071,5.923455564083295e-06
CLAHE4.0_Canny,500,0.7553724563111297,0.02449312904820764,0.5660130718954248,0.09055775981786886,0.823404255319149,0.10746494709149401,0.6097649186256782,0.05860116916202906,0.7025595708248381,0.06463556226167827,0.9440503894426758,0.02701024993729613,0.027358524655891298,0.003451502347434556,0.014654577368635619,0.0018743672321010682,0.02965641952983719,0.006830242543322637,0.015180998664086572,2,nenhum,nenhum,CLAHE4.0,Canny,-0.1568766513697677,5.007240852759031e-10,2.8290647575418004e-08,-8.47996764013833,2.3133452739746722e-07,2.525582009067055e-09,1.3551220188625225e-05,1.6770229232850881e-07
LABNorm_GreenChannel_AHE40.0_Frangi,501,0.7551059194363325,0.013040291407980187,0.5193899782135076,0.09041438083382798,0.823404255319149,0.0770736339682108,0.5710669077757685,0.06337317797919798,0.663407966921879,0.07272946180807464,0.9374044387963447,0.018159252470178848,0.02112195959701781,0.0016037058143404403,0.011164999697416909,0.0008680983757955024,0.01898734177215186,0.0053405802129805075,0.008082456351502114,4,LABNorm,GreenChannel,AHE40.0,Frangi,-0.15714318824456486,7.184683732083827e-16,7.642270496617926e-10,-13.927439065177047,4.059346308627362e-13,3.7556301326801827e-14,4.2491023961195667e-07,2.093293389045449e-08
Gamma0.8_GreenChannel_Frangi,502,0.7533166458072591,0.018518427305321702,0.6956427015250545,0.11727461960179084,0.6659574468085105,0.17221049884568726,0.6905967450271248,0.06971061044225103,0.7833337466753865,0.07094442016794489,0.9158476368256494,0.0306644379001502,0.01641462874382011,0.0033474016759781735,0.00862137515841945,0.001809970174317714,0.01428571428571424,0.0035609537040969075,0.011477840157937904,3,Gamma0.8,GreenChannel,nenhum,Frangi,-0.1589324618736383,2.444747399874811e-12,7.645071507818162e-10,-10.870817365640827,1.268823900535027e-09,2.4661925525052918e-11,4.2491023961195667e-07,2.093293389045449e-08
LABNorm_MaxGreen2.0_CLAHE4.0_Canny,503,0.7529666713020906,0.01165515586479592,0.59520697167756,0.08891807514917598,0.7882978723404255,0.12380407229767955,0.6280289330922242,0.05400823699695349,0.7229610521477238,0.05782877281526519,0.9359947732490574,0.02533250150697629,0.01755377523942909,0.002326673034163231,0.00926622580238432,0.0012825899146365555,0.0141048824593128,0.004730902198999054,0.007223940447336822,4,LABNorm,MaxGreen2.0,CLAHE4.0,Canny,-0.1592824363788068,4.113531215173638e-17,9.930476894010393e-11,-15.17301476822615,2.3405992614338002e-14,3.378972069606917e-15,5.6007889682218615e-08,4.758353511713314e-09
GreenChannel_CLAHE4.0_Frangi,504,0.7520836230473277,0.017805449735293907,0.49041394335511984,0.1375617600122946,0.8436170212765959,0.1191035458965793,0.5504520795660036,0.09462265188940065,0.6330181893155482,0.11867098909059903,0.9477880648316782,0.033557088752170325,0.018580282192257637,0.002363498845860158,0.009817436263466251,0.0012595505859613655,0.02169981916817355,0.004669057680780482,0.011035932081725496,3,nenhum,GreenChannel,CLAHE4.0,Frangi,-0.16016548463356972,9.472711010929e-13,5.377735491468747e-09,-11.302873763155976,5.048954968825157e-10,1.237902876210803e-11,2.7964224555637486e-06,5.3639698345678115e-08
BenGraham_GreenChannel_Frangi,505,0.7520140916886849,0.022251545519219797,0.4666666666666666,0.09196778957212771,0.8914893617021278,0.08697707640712564,0.538878842676311,0.06338005751944509,0.6220448461847241,0.07454224842752434,0.9586009238378722,0.024918245196920746,0.01783459725948139,0.002852000778524035,0.00933162111374637,0.001508540518823137,0.02133815551537068,0.0074216969121742755,0.013791650798731118,3,BenGraham,GreenChannel,nenhum,Frangi,-0.16023501599221246,7.825442882106153e-11,1.0492294539194456e-08,-9.411807953385136,3.8501178979962274e-08,5.353792569290801e-10,5.298608742293201e-06,8.497280788784243e-08
LABNorm_AHE40.0_Frangi,506,0.750699949010337,0.018969830260411345,0.5967320261437908,0.09411972033901729,0.7734042553191489,0.08816176242171064,0.626763110307414,0.06550118274110714,0.722407126518207,0.06563470310983867,0.9299178303339687,0.017940843107295133,0.025564039531291473,0.0029768445622490296,0.013565491339518352,0.0016091852697339103,0.028390596745027093,0.005784734473302022,0.01175762260813824,3,LABNorm,nenhum,AHE40.0,Frangi,-0.1615491586705604,3.287357738601898e-12,1.5020231422932136e-09,-10.837380499378773,1.7028513085957832e-09,3.214167261057267e-11,8.171005894075082e-07,2.698947833808118e-08
GreenChannel_AHE40.0_Frangi,507,0.7497265099893385,0.018441072274532015,0.6618736383442265,0.15143936959406115,0.6691489361702128,0.16468949464491067,0.6631103074141049,0.09978410947084237,0.7560776827007836,0.09806173054296995,0.9122690884540919,0.02626472041237415,0.02386328425692322,0.003408540507240969,0.01266354363997429,0.0018644158085797087,0.02097649186256777,0.008140780236833803,0.011429895013127403,3,nenhum,GreenChannel,AHE40.0,Frangi,-0.16252259769155886,1.6750200917572275e-12,7.3083331989249005e-09,-11.153738574931142,8.777105280807872e-10,1.8203746099301688e-11,3.749174931048474e-06,6.67030411012987e-08
Retinex_Grayscale_AHE40.0_Canny,508,0.7485189820609095,0.036686809310620544,0.5209150326797386,0.13963179594882813,0.8382978723404255,0.14271012144779252,0.5748643761301989,0.09670492785404564,0.6601568947452929,0.1114155847123083,0.9473546636856145,0.03487185826861181,0.03379642931913329,0.004411480480220925,0.01805030237511241,0.002405776570616088,0.03761301989150086,0.009446431838051703,0.022738719991143196,4,Retinex,Grayscale,AHE40.0,Canny,-0.1637301256199879,7.337953886606001e-08,3.2878857052842926e-07,-6.122122256522865,2.5095802292192523e-05,1.8031296943583122e-07,0.00013283058249348543,1.0991478375223652e-06
Retinex_MaxGreen2.0_CLAHE4.0_Frangi,509,0.7482964817132527,0.022280385748729203,0.5603485838779957,0.12528359226536773,0.8265957446808511,0.1226407045698264,0.6056057866184449,0.0856295928745364,0.6941668758212556,0.09936079573218867,0.9460078308505077,0.026773333155404692,0.01840740339409282,0.0023301776965732575,0.00968666740786203,0.0012472834268914686,0.018444846292947507,0.005241004248169791,0.013809526158175496,4,Retinex,MaxGreen2.0,CLAHE4.0,Frangi,-0.1639526259676447,6.123433448950168e-11,4.099282919348969e-09,-9.61952103247938,3.043346424128233e-08,4.4467844268205413e-10,2.1562228155775575e-06,4.714175357251314e-08
Gamma0.8_GreenChannel_CLAHE4.0_Frangi,510,0.7481852315394243,0.014763822321880784,0.469281045751634,0.16854229765083512,0.852127659574468,0.14179520438264548,0.5343580470162749,0.11668986200257873,0.609270650929715,0.14193531818314878,0.951665083757476,0.03594316847258503,0.01918333280473465,0.0023983809336401343,0.010161954334137979,0.0012832500136194492,0.020072332730560537,0.003240429187634878,0.009150711879407055,4,Gamma0.8,GreenChannel,CLAHE4.0,Frangi,-0.1640638761414731,8.102934955216491e-15,1.4079433598824126e-09,-13.33956077733311,4.553849444831668e-12,3.327991142321059e-13,7.673291311359149e-07,2.6115078449431848e-08
Gamma0.8_CLAHE4.0_Frangi,511,0.7476567932137395,0.017161120074396425,0.552069716775599,0.15485685934554821,0.7861702127659574,0.13177469099436595,0.5918625678119349,0.10659725572825704,0.6801489057901481,0.11516034995807388,0.9327438986308427,0.02351788291223864,0.019514440536736972,0.0020469314500172735,0.01029581022903349,0.0010873141893297667,0.02242314647377936,0.005602869216936576,0.01063657242040726,3,Gamma0.8,nenhum,CLAHE4.0,Frangi,-0.16459231446715794,2.8776163383865507e-13,9.91790417653557e-10,-11.95547257438726,1.56830090442067e-10,5.182579189478902e-12,5.454847297094564e-07,2.1933826544261355e-08
HistogramEq_GreenChannel_Frangi,512,0.7470078338664071,0.022408217507023983,0.8348583877995642,0.11303249936710069,0.38085106382978723,0.21475430261680434,0.7576853526220615,0.06037965988253717,0.8473799117055206,0.0554432049966473,0.8721977067772512,0.02900653899256275,0.021553677308113008,0.002196251139249426,0.0113544217458628,0.001164147371047065,0.01952983725135621,0.0034940028321131826,0.013888757102824558,3,HistogramEq,GreenChannel,nenhum,Frangi,-0.16524127381449027,6.186830506880753e-11,2.1788074035430423e-09,-9.647812992146283,3.068667931412854e-08,4.4467844268205413e-10,1.1721983831061567e-06,3.18529142428321e-08
GreenChannel_Frangi,513,0.7452347842210171,0.02796524230759821,0.5686274509803921,0.08180820634212894,0.8106382978723404,0.0998968332576398,0.6097649186256782,0.05377057323906832,0.7042646594269876,0.05887389181358476,0.9392800526692378,0.02459944340929497,0.01692874485478664,0.0023387330688214767,0.00894464234476177,0.0012546741890123285,0.017359855334538828,0.005731097925981763,0.01733303675806063,2,nenhum,GreenChannel,nenhum,Frangi,-0.16701432345988032,1.881716667399626e-09,2.0744586266552482e-08,-8.023336589730716,8.016113003122407e-07,7.126589868129587e-09,1.0164847270610716e-05,1.3765291084610646e-07
Retinex_Grayscale_CLAHE4.0_Frangi,514,0.7444351735966255,0.024936501211369363,0.569281045751634,0.14594257945197103,0.7936170212765957,0.1430972996992896,0.6074141048824593,0.09956685679296681,0.6949108442406298,0.12337123681084608,0.9394184330515865,0.03479891194738518,0.01908418102775305,0.0022315208754540173,0.01004890057513178,0.001183585183904382,0.020976491862567778,0.005057547188282823,0.015455803577881112,4,Retinex,Grayscale,CLAHE4.0,Frangi,-0.16781393408427192,3.1498232114066726e-10,4.472077171307019e-09,-8.929357585520773,1.4867165557839495e-07,1.7414887947681124e-09,2.343368437764878e-06,4.854714686948929e-08
LABNorm_GreenChannel_Frangi,515,0.744180225281602,0.030897916373224192,0.5666666666666667,0.07265395069219581,0.8042553191489361,0.11666612774455709,0.6070524412296564,0.04695479821830307,0.7028475365482166,0.05087861325738239,0.93720494627858,0.0306424339367757,0.017383753465562903,0.0026305664965310784,0.009166066274295009,0.0014061723490312074,0.015370705244122932,0.005982348776756834,0.01915072697578834,3,LABNorm,GreenChannel,nenhum,Frangi,-0.1680688823992954,6.91759028553693e-09,4.3662535777196754e-08,-7.372988807080134,2.684025030788329e-06,2.115752347970072e-08,2.0128428993287702e-05,2.1831267888598378e-07
BenGraham_GreenChannel_Canny,516,0.7419227738376675,0.024153032348545482,0.46274509803921565,0.06240561486896465,0.897872340425532,0.09713982223128471,0.5367088607594936,0.03800624424024199,0.6214419355260088,0.04949297725563829,0.9607556033507159,0.029092062374215136,0.02454820886763979,0.0036973105256354315,0.01329354298658122,0.0020446470435786664,0.028752260397829948,0.0035609537040969105,0.014970204545741396,3,BenGraham,GreenChannel,nenhum,Canny,-0.17032633384322993,1.5846096540507344e-10,3.79664243852304e-09,-9.320319495176166,7.621972435984033e-08,9.591058432412341e-10,2.0046272075401647e-06,4.548061254480725e-08
HistogramEq_GreenChannel_AHE40.0_Frangi,517,0.7412158716914662,0.011157424854634668,0.7004357298474945,0.16041740837174162,0.6329787234042553,0.1823571001255473,0.6889692585895117,0.10320976381851478,0.7790789751161105,0.10015965600467494,0.9090445607469668,0.02651554471196895,0.028041207694836017,0.0019295545870585706,0.014898668397348592,0.0010631520347544306,0.02983725135623865,0.006725712358174007,0.006915443571112453,4,HistogramEq,GreenChannel,AHE40.0,Frangi,-0.1710332359894312,4.782964786561407e-18,7.230034902799613e-11,-16.72898661272466,2.745421787486248e-15,1.3751023761364046e-15,4.1066598247901805e-08,4.758353511713314e-09
MaxGreen2.0_CLAHE4.0_Canny,518,0.7407152459092384,0.012278023996419158,0.49389978213507624,0.10977188075980035,0.8393617021276596,0.1111745958166352,0.552622061482821,0.07373169949789513,0.6406469224666607,0.0831246487373624,0.9420038130768196,0.022232823691480726,0.01931915251125061,0.0023710007086739484,0.01020445029722666,0.001297086849048435,0.017902350813743178,0.005285873723542794,0.007609998114997967,3,nenhum,MaxGreen2.0,CLAHE4.0,Canny,-0.17153386177165897,4.002564595689786e-17,3.34074461086107e-11,-15.814022740719874,2.2814618195431777e-14,3.378972069606917e-15,1.910905917412532e-08,4.758353511713314e-09
CLAHE4.0_Frangi,519,0.7391113892365457,0.012554137828252716,0.6557734204793028,0.1121763434402302,0.6829787234042553,0.1210669666006845,0.6603978300180832,0.07304153417463002,0.7569606249473383,0.07390639801329733,0.9132890489439651,0.020739927075921264,0.02115527640010502,0.002372215730654247,0.01115833576548934,0.0012930163049263285,0.024050632911392377,0.0062670976398167605,0.007781135241003834,2,nenhum,nenhum,CLAHE4.0,Frangi,-0.17313771844435166,5.919041643839775e-17,9.625365565936918e-11,-15.734299259047381,3.356096612057153e-14,3.781609939119856e-15,5.4383315447543585e-08,4.758353511713314e-09
Gamma0.8_GreenChannel_AHE40.0_Frangi,520,0.7390858944050434,0.015726894200661798,0.6690631808278866,0.1376192556512833,0.6361702127659574,0.16945754442694816,0.6634719710669078,0.08696425450673244,0.7599180098339744,0.08639764723660213,0.904843618322297,0.02639115279784498,0.02285830867271461,0.0027175009012295726,0.012092245259713339,0.0014619778083957379,0.019529837251356187,0.00636774570041915,0.00974763001413855,4,Gamma0.8,GreenChannel,AHE40.0,Frangi,-0.17316321327585404,1.775165907003939e-14,1.0727653853262554e-09,-13.442140341818106,9.905425761081978e-12,5.670668869595916e-13,5.889481965441142e-07,2.28459295023184e-08
HistogramEq_Grayscale_CLAHE4.0_Frangi,521,0.7378575070690214,0.026965188738496657,0.692156862745098,0.08903217740754575,0.6606382978723404,0.11396723987179726,0.6867992766726945,0.05576739381314238,0.7826992740312374,0.055195064573952304,0.9112545203569618,0.020326014158675354,0.02015736512370927,0.002866100950023032,0.010634333362756671,0.001562381642543596,0.01952983725135622,0.004070390118416908,0.0167131971341945,4,HistogramEq,Grayscale,CLAHE4.0,Frangi,-0.17439160061187597,6.953401609696746e-10,2.0305640124442677e-08,-8.656594201582115,3.149890929192626e-07,3.250573923232218e-09,9.970069301101354e-06,1.373616831947593e-07
HistogramEq_Grayscale_AHE40.0_Frangi,522,0.7374565429008484,0.01846682740725039,0.5655773420479303,0.12491428947181904,0.7712765957446809,0.12609861267159256,0.6005424954792044,0.08422204432305949,0.6940674951453124,0.09138008314526211,0.9277976179222917,0.022531709968614352,0.02271313951683428,0.002537303526063045,0.01205449425895562,0.0013774911131863425,0.030379746835442988,0.004413021149541443,0.011445858209770081,4,HistogramEq,Grayscale,AHE40.0,Frangi,-0.174792564780049,6.716938207339496e-13,4.715381911011144e-11,-11.982408170626876,3.60027887913397e-10,9.637381133005463e-12,2.6924830711873634e-08,4.758353511713314e-09
AHE40.0_Frangi,523,0.7368678440643397,0.00884372021813833,0.6095860566448802,0.10695271931440503,0.727659574468085,0.1274821462037893,0.6296564195298372,0.06752561616060523,0.7272658540490533,0.06761258889281106,0.9198307505603394,0.021250573471645055,0.02468837384223202,0.0031729259289041056,0.01303697305042078,0.0016839584675694436,0.02929475587703432,0.006135267341771918,0.00548139458020526,2,nenhum,nenhum,AHE40.0,Frangi,-0.1753812636165577,1.162081728491372e-19,3.923991041351395e-12,-19.440420240075703,6.68196993882539e-17,6.68196993882539e-17,2.256294848777052e-09,2.256294848777052e-09
LABNorm_Grayscale_AHE40.0_Frangi,524,0.7343426968896305,0.01851298726140364,0.7302832244008715,0.1258547919090436,0.5680851063829787,0.20568598643036504,0.7027124773960217,0.07118947834589615,0.7978218947696452,0.06458673886345871,0.8969365236852074,0.0277729972314563,0.023386983401014288,0.00178886431119189,0.012407561021328931,0.0009539582003764488,0.02260397830018079,0.0033289213433355044,0.011474468383784828,4,LABNorm,Grayscale,AHE40.0,Frangi,-0.1779064107912669,5.642772191833222e-13,2.6193189490466236e-09,-12.171484190238337,3.041454211398107e-10,8.566010981521908e-12,1.3934776808928037e-06,3.42297362659502e-08
HistogramEq_MaxGreen2.0_Frangi,525,0.7341584387892273,0.024373091927032044,0.8640522875816993,0.07880167565851022,0.31702127659574464,0.16402769661639713,0.7710669077757685,0.03914961478402201,0.8607277943280677,0.03337672912572615,0.8626635710119988,0.020605817919823417,0.02399707952559319,0.004197487821660153,0.01266988046925254,0.0022825249899914987,0.016817359855334522,0.004825947896624011,0.015106598885576406,3,HistogramEq,MaxGreen2.0,nenhum,Frangi,-0.17809066889167013,1.1152866276914641e-10,1.331824269552899e-09,-9.668207391798704,5.420293010580516e-08,7.125442343584355e-10,7.285078754454358e-07,2.6115078449431848e-08
Gamma0.8_MaxGreen2.0_AHE40.0_Frangi,526,0.734142214805544,0.02216292604366775,0.6653594771241831,0.13432137714698789,0.6393617021276595,0.1858541728147049,0.6609403254972875,0.08254796266861626,0.7576677725064631,0.08638585396626842,0.9064551573229277,0.03286636208764383,0.023546308603733378,0.0027681434202101642,0.01249395569505987,0.0015018592693276948,0.02350813743218802,0.00351473893601283,0.013736723878723477,4,Gamma0.8,MaxGreen2.0,AHE40.0,Frangi,-0.17810689287535342,2.1055789321126967e-11,4.474780494057274e-09,-10.497255397116456,1.0633173607169119e-08,1.705222374598311e-10,2.343368437764878e-06,4.854714686948929e-08
MaxGreen2.0_AHE40.0_Frangi,527,0.7329995828118482,0.036595405328033175,0.6967320261437908,0.13684044813735668,0.6085106382978723,0.22826525118410812,0.6817359855334539,0.08143903840514848,0.7772937126685193,0.08037549612462695,0.9034483635592329,0.037097547910895035,0.026830113635402397,0.003354593970799897,0.014251904156745621,0.001835287537171992,0.028752260397829982,0.006843528380704039,0.02268206721579465,3,nenhum,MaxGreen2.0,AHE40.0,Frangi,-0.17924952486904921,2.963769438774313e-08,1.5045766070635792e-07,-6.718164018560749,1.0906671534689473e-05,8.193112631227067e-08,6.33183861312952e-05,5.521192743679414e-07
LABNorm_CLAHE4.0_Frangi,528,0.7312473925740509,0.014768787609225328,0.6381263616557734,0.10094904456380377,0.7063829787234043,0.10711333218744139,0.6497287522603978,0.06572738705802374,0.7472534628649709,0.06572084945893061,0.9166084699903884,0.01773885596190008,0.0213906674376801,0.0020665998660948253,0.01132203666539988,0.0011062131237701222,0.02802893309222418,0.0038360223210843394,0.009153789396387266,3,LABNorm,nenhum,CLAHE4.0,Frangi,-0.18100171510684648,1.8991543061506374e-15,3.147064074278983e-10,-14.713162326692501,1.0692238743628088e-12,8.40010558489705e-14,1.7623558815962305e-07,1.1309761516940095e-08
HistogramEq_CLAHE4.0_Frangi,529,0.7300978074444908,0.024390878438982244,0.6875816993464052,0.13346269215610457,0.6138297872340426,0.18663737401928868,0.6750452079566004,0.079921621130022,0.7718214111623414,0.07606008633130527,0.9023407550574609,0.028926628565768425,0.022100456323029972,0.002097420358530184,0.01164055015244249,0.0011485730740933594,0.02296564195298368,0.004514763908637486,0.015117623079897322,3,HistogramEq,nenhum,CLAHE4.0,Frangi,-0.18215130023640658,8.758951635280301e-11,1.4937650572576245e-08,-9.88233807027291,4.291886301287347e-08,5.814575257595586e-10,7.424012334570394e-06,1.087234060662195e-07
BenGraham_GreenChannel_AHE40.0_Canny,530,0.7293121030918278,0.028038883678641515,0.46688453159041393,0.11793383375609172,0.8659574468085106,0.12286095451427094,0.5347197106690778,0.07908989560188426,0.6166695811109735,0.09767905912342442,0.9524139272256675,0.03364184684460869,0.03297787749021411,0.0027598198301231796,0.01791765731281071,0.0014927272733691384,0.04231464737793847,0.006275787864892259,0.017378680152713457,4,BenGraham,GreenChannel,AHE40.0,Canny,-0.18293700458906959,7.435298658460346e-10,3.8902629408304574e-08,-8.767421927158106,3.356062491028924e-07,3.420237382891759e-09,1.8167527933678237e-05,2.0522029275023054e-07
Gamma0.8_AHE40.0_Frangi,531,0.7290502016409401,0.012704849550958942,0.6483660130718955,0.1213377020977879,0.676595744680851,0.13449022770080635,0.6531645569620254,0.07896461124552097,0.7501292410010444,0.08056022095973435,0.9108946714384526,0.019809846028534035,0.02370082680099184,0.0028417722264226877,0.01251423360753236,0.0015499915720579294,0.0215189873417721,0.004466216649268863,0.007874547334516355,3,Gamma0.8,nenhum,AHE40.0,Frangi,-0.18319890603995725,3.186851284339683e-17,1.8589236197685816e-11,-16.519300472537324,1.819692083357959e-14,3.378972069606917e-15,1.0670221577471658e-08,4.758353511713314e-09
Retinex_Grayscale_AHE40.0_Frangi,532,0.728303898391508,0.03422524469803768,0.6723311546840959,0.0996701270602639,0.6351063829787235,0.16304731626950808,0.6660036166365281,0.05795433560958651,0.7658855561945125,0.05784248028338985,0.9038117762429942,0.026903214028327214,0.028236177506121556,0.0027010161006979735,0.015008351356011801,0.0014600933178643095,0.02296564195298369,0.006150054703163211,0.021213026437590557,4,Retinex,Grayscale,AHE40.0,Frangi,-0.1839452092893894,1.0261791568224055e-08,9.664390934304255e-08,-7.34041748260433,3.9405279621980365e-06,3.073192787358766e-08,4.2426318925558485e-05,4.0268295559601063e-07
LABNorm_MaxGreen2.0_Canny,533,0.7271311361424002,0.01785018363079359,0.7616557734204793,0.06443467407169745,0.5414893617021276,0.08186037914620277,0.7242314647377939,0.04075073728222882,0.8196177544996184,0.03460838181890588,0.8909689774728399,0.01020515395267251,0.038381195475675325,0.0030217690117169006,0.021153386058092867,0.0017614820234517219,0.03490054249547917,0.0049742449754738354,0.011063658437410124,3,LABNorm,MaxGreen2.0,nenhum,Canny,-0.18511797153849718,1.4728222948574468e-13,1.3216650026735934e-09,-13.037904498755221,8.100522621715957e-11,3.257203152088584e-12,7.242724214651292e-07,2.6115078449431848e-08
BenGraham_Grayscale_AHE40.0_Frangi,534,0.7262666295832754,0.050062768086425014,0.5135076252723312,0.1579184264540274,0.8074468085106383,0.14320710258809963,0.5634719710669078,0.11007891431318219,0.6478308081682426,0.12859865797547235,0.9365925194795685,0.03320170092213823,0.022135483067274732,0.0024978837467605807,0.01164789903821,0.0013277113204106092,0.0222423146473779,0.005721580458147929,0.03102922513267489,4,BenGraham,Grayscale,AHE40.0,Frangi,-0.18598247809762203,5.983966553280502e-07,1.2476396181431133e-06,-5.1673329765461995,0.00017592861666644678,1.2201350241618046e-06,0.00045538846062223636,3.3999657840392897e-06
Grayscale_AHE40.0_Frangi,535,0.7256408473554907,0.012729588508595239,0.7355119825708061,0.1306148217525615,0.5585106382978723,0.19091389758720298,0.7054249547920434,0.07708636383744251,0.7997630889016107,0.07111559254079967,0.895345595851669,0.027033035534193128,0.023764223517697962,0.003306354501775801,0.01257101318374062,0.0017849819353677517,0.019529837251356208,0.004574723559013933,0.0078898806993179,3,nenhum,Grayscale,AHE40.0,Frangi,-0.18660826032540667,2.4836410740113122e-17,1.339004048669616e-10,-16.80524599231309,1.4206426943344705e-14,3.378972069606917e-15,7.538592794009938e-08,5.54627197913707e-09
BenGraham_GreenChannel_AHE40.0_Frangi,536,0.7254322532795625,0.02545212232076455,0.5989106753812636,0.17106196778684166,0.6787234042553191,0.20351026447106604,0.6124773960216998,0.10920355991980286,0.7066932011137131,0.11444758531529775,0.9095454947954504,0.03345910086806027,0.02388574288858994,0.003324165544477412,0.0126082885006632,0.0018932676154219139,0.016274864376130172,0.0028272548281033424,0.015775388852490035,4,BenGraham,GreenChannel,AHE40.0,Frangi,-0.1868168544013349,1.333022084492117e-10,3.592538047325439e-09,-9.76258531670649,6.451826888941846e-08,8.331388028075732e-10,1.9004526270351572e-06,4.3951263344938884e-08
HistogramEq_GreenChannel_CLAHE4.0_Frangi,537,0.7236198025309415,0.013250472060638433,0.6623093681917211,0.16579379143211062,0.6425531914893617,0.1544243795178969,0.6589511754068715,0.11227182610973228,0.7520040227545202,0.11087949177613868,0.9049282566298469,0.020457988833924447,0.02542507237172529,0.0021391596563576963,0.01352298437805878,0.0011560893627917954,0.02242314647377938,0.007091231426089318,0.008212727669672267,4,HistogramEq,GreenChannel,CLAHE4.0,Frangi,-0.1886293051499559,5.907493188215088e-17,7.126392719612921e-11,-16.53950711202953,3.35545613090617e-14,3.781609939119856e-15,4.054917457459752e-08,4.758353511713314e-09
BenGraham_GreenChannel_CLAHE4.0_Frangi,538,0.7222500347656793,0.016313237907563043,0.5751633986928104,0.10456507657316669,0.7223404255319149,0.11319224479386726,0.6001808318264015,0.06931860471161506,0.6995645469474701,0.07705603196075,0.9131554236007295,0.019461612653555983,0.020384024442063407,0.0030455684539148846,0.0106866928537341,0.0016239878810255664,0.02043399638336344,0.005258307049442894,0.01011104960881932,4,BenGraham,GreenChannel,CLAHE4.0,Frangi,-0.18999907291521811,1.1857328909522675e-14,3.4028016532221657e-10,-14.348558708053679,6.640104189332698e-12,4.2612275768597114e-13,1.9021661241511905e-07,1.1509476180016149e-08
HistogramEq_AHE40.0_Frangi,539,0.7163839058081862,0.016829115773333434,0.483442265795207,0.16237539658946826,0.7936170212765957,0.12121229268682059,0.5361663652802893,0.11465761384328989,0.6187876316909579,0.1369259060837577,0.9257735885820579,0.0207484114970467,0.02348008231771077,0.0025652938956016716,0.01240235910528974,0.0014032894265586329,0.02694394213381552,0.008284562772045177,0.010430794022678325,3,HistogramEq,nenhum,AHE40.0,Frangi,-0.19586520187271117,1.6835958530567728e-14,5.307677920232186e-11,-14.443657553566105,9.41130081858736e-12,5.670668869595916e-13,3.025376414532346e-08,4.758353511713314e-09
BenGraham_GreenChannel_CLAHE4.0_Canny,540,0.7161220043572984,0.02468431009151071,0.5734204793028322,0.17775190740231345,0.7053191489361702,0.25840579064370306,0.5958408679927667,0.10463707932607011,0.6876101568240953,0.11486658646403895,0.9192292170897659,0.044576465559217036,0.02431685507773331,0.0033503753116455133,0.01297562840441284,0.0017903974906434378,0.02097649186256778,0.005057547188282811,0.015299493902374426,4,BenGraham,GreenChannel,CLAHE4.0,Canny,-0.19612710332359895,4.6653234620742945e-11,1.0397662519922352e-08,-10.52958164780085,2.332661731037147e-08,3.5296855140693674e-10,5.26121723508071e-06,8.497280788784243e-08
Gamma0.8_MaxGreen2.0_CLAHE4.0_Frangi,541,0.7131530153432531,0.029826850875257754,0.5899782135076252,0.1954447923656598,0.7095744680851064,0.22202376581775654,0.6103074141048824,0.1274326327093788,0.6966547738012726,0.14945830116734274,0.9213500828155237,0.04078611945083482,0.01829826741760528,0.0019329455770053924,0.00965692552322962,0.0010299237910330284,0.024050632911392377,0.006550562018998015,0.018486873702416248,4,Gamma0.8,MaxGreen2.0,CLAHE4.0,Frangi,-0.19909609233764425,7.424917015550716e-10,1.7393062523121016e-08,-9.020962021631663,3.356062491028924e-07,3.420237382891759e-09,8.609565948944903e-06,1.2217462946660551e-07
HistogramEq_MaxGreen2.0_AHE40.0_Frangi,542,0.7126129884577945,0.016634367231274188,0.5775599128540305,0.1413585423504525,0.7191489361702128,0.11260749828312507,0.601627486437613,0.09904218543336328,0.696951281561081,0.10647973513793407,0.9124247685812789,0.015077753883829429,0.02128557444453221,0.001880054131980878,0.01121294723507133,0.0009888361324026321,0.02965641952983722,0.0071929759566853645,0.010310087625753079,4,HistogramEq,MaxGreen2.0,AHE40.0,Frangi,-0.19963611922310287,9.686665086694648e-15,8.633349912098102e-11,-14.85392714836154,5.434219113635698e-12,3.713221616566282e-13,4.8951094001596236e-08,4.758353511713314e-09
MaxGreen2.0_Canny,543,0.712589811338247,0.029602068962973835,0.7699346405228759,0.040929237450902885,0.524468085106383,0.07302726366480056,0.7282097649186257,0.029518022436640996,0.8241541067146493,0.023002309051195227,0.8880180843009938,0.013323907415698824,0.03854620715319399,0.003107297600922936,0.021001581863584688,0.0018379974658923224,0.03526220614828206,0.008363132565106466,0.018347552429769678,2,nenhum,MaxGreen2.0,nenhum,Canny,-0.19965929634265045,6.473833710497868e-10,3.3413613254881674e-09,-9.10914971111535,2.952068171987028e-07,3.1020453196135618e-09,1.7742628638342169e-06,4.1876553075379075e-08
BenGraham_AHE40.0_Frangi,544,0.7121054095397025,0.03447071772301215,0.45250544662309367,0.13245060565663144,0.8585106382978724,0.08009004790767976,0.521518987341772,0.09679036529258941,0.5996335172178685,0.12524215331753932,0.9453186051351568,0.021584248721813644,0.01916022000983863,0.0026056490603885785,0.01007517051140086,0.0013737530232041822,0.0229656419529837,0.006875309643211013,0.0213651721947485,3,BenGraham,nenhum,AHE40.0,Frangi,-0.20014369814119493,4.8398621842877975e-09,3.369195749222637e-08,-7.933741148635582,1.944837262596713e-06,1.590240431980276e-08,1.603737176629975e-05,1.9226787016504965e-07
BenGraham_MaxGreen2.0_AHE40.0_Frangi,545,0.7109720483938256,0.036147698570281404,0.483442265795207,0.16992362277996212,0.798936170212766,0.18920691205832135,0.5370705244122965,0.11103460275404248,0.6194996469956287,0.12348961496539733,0.9316565127946086,0.032107871774161426,0.02223586247667006,0.0025050210640096375,0.01176494340769765,0.001357669869470497,0.02115732368896921,0.006030740657398788,0.022404575692439064,4,BenGraham,MaxGreen2.0,AHE40.0,Frangi,-0.20127705928707185,8.22743690943865e-09,7.856878881031161e-08,-7.6315291304206525,3.1675632101338805e-06,2.4768461900142534e-08,3.512024859820929e-05,3.4890242901477493e-07
BenGraham_Grayscale_CLAHE4.0_Frangi,546,0.7100310573401938,0.041544990919475194,0.5592592592592592,0.13409679955134693,0.7319148936170212,0.19239345280455425,0.5886075949367089,0.08069616735582354,0.6847060163018297,0.08725346407811448,0.9185302455747415,0.03419160099860964,0.02506653296318413,0.0034201478852175404,0.01329936691102356,0.0018515548250763896,0.02730560578661841,0.0111943842775179,0.025749852148604695,4,BenGraham,Grayscale,CLAHE4.0,Frangi,-0.20221805034070361,3.9421922618708297e-08,1.2569567045495472e-07,-6.720936419128855,1.4231314065353695e-05,1.0543072328259196e-07,5.379774695472062e-05,4.883446656189119e-07
BenGraham_Grayscale_CLAHE4.0_Canny,547,0.7086543364390674,0.040351784770775535,0.514161220043573,0.181088728174374,0.7617021276595745,0.2402570593231339,0.5562386980108499,0.11286893676167253,0.6403318320941886,0.13721255439102428,0.9312785839379153,0.05330846390543481,0.026848899077602618,0.00302027607712474,0.01432512145801115,0.0016607401302297028,0.03435804701627482,0.008041991599835053,0.02501029531559503,4,BenGraham,Grayscale,CLAHE4.0,Canny,-0.20359477124183,2.667459483782036e-08,9.21631371528468e-08,-6.957041487297711,9.869600089993533e-06,7.445578656187721e-08,4.0551780347252594e-05,3.896603225212273e-07
HistogramEq_MaxGreen2.0_CLAHE4.0_Frangi,548,0.7073332406248551,0.035600917714972216,0.8564270152505447,0.0998987161440845,0.33617021276595743,0.17279367186202624,0.7679927667269439,0.05540953916873724,0.8569665907543081,0.04601159020947909,0.865282404667286,0.02001682012718234,0.027427576911144592,0.004388212702199425,0.01458051213735705,0.002365912390288085,0.02115732368896921,0.0042665071414554265,0.02206567740722367,4,HistogramEq,MaxGreen2.0,CLAHE4.0,Frangi,-0.20491586705604226,5.7211235795034174e-09,4.5670781103214504e-08,-7.881414553860604,2.2598438139038498e-06,1.8174840100632405e-08,2.100855930747867e-05,2.2638533736507192e-07
BenGraham_MaxGreen2.0_Canny,549,0.705896259212905,0.017854247161315007,0.6572984749455337,0.07198742673833707,0.6053191489361702,0.10085520335441191,0.6484629294755877,0.046096945425801825,0.7543252354290805,0.044237177985724116,0.8917970673837043,0.016630326109809884,0.018497814129390062,0.0037012650370124903,0.0098387546591608,0.0020181765211815667,0.02115732368896921,0.00826700141096742,0.011066177039720824,3,BenGraham,MaxGreen2.0,nenhum,Canny,-0.2063528484679924,3.498817839084111e-14,5.172517996373931e-10,-14.530867943916576,1.9453427185307656e-11,1.0059101287366818e-12,2.8862650419766534e-07,1.6523321377305613e-08
BenGraham_Grayscale_Frangi,550,0.7055555555555555,0.031165874398386514,0.49498910675381264,0.2419658929278655,0.7191489361702128,0.3572314447461714,0.5330922242314647,0.14188302693084487,0.6066874171257911,0.17316131726802367,0.9305557408913678,0.06894705641377379,0.02051777747587505,0.0050609341629187085,0.010821852454732151,0.0027106384122607304,0.02368896925858948,0.006404726442020248,0.019316809080447733,3,BenGraham,Grayscale,nenhum,Frangi,-0.2066935521253419,9.291148443209703e-10,1.8929424932800065e-09,-8.995717426249618,4.125269908785108e-07,4.020041761057107e-09,1.0221889463712036e-06,2.9538175267003333e-08
BenGraham_Frangi,551,0.7055300607240532,0.03117055719718367,0.49498910675381264,0.2419658929278655,0.7191489361702128,0.3572314447461714,0.5330922242314647,0.14188302693084487,0.6066874171257911,0.17316131726802367,0.9305557408913678,0.06894705641377379,0.020517891610744708,0.005058905974258631,0.01082186607811258,0.0027094875099298167,0.02350813743218803,0.006027727546714879,0.019319711509212304,2,BenGraham,nenhum,nenhum,Frangi,-0.20671904695684418,9.29853137774948e-10,1.900717365007171e-09,-8.995583630521619,4.125269908785108e-07,4.020041761057107e-09,1.0244866597388652e-06,2.9538175267003333e-08
BenGraham_Grayscale_Canny,552,0.7050688360450563,0.03213766406054261,0.761437908496732,0.10075974663641332,0.45,0.1854884511086699,0.708499095840868,0.05502625286276661,0.8093455449481279,0.05070854893144295,0.8745226375717532,0.026278520536185734,0.0227453046795489,0.0030060343866658195,0.01218332785564661,0.001584181035543871,0.026582278481012613,0.006980202193713854,0.019919130553295417,3,BenGraham,Grayscale,nenhum,Canny,-0.20718027163584107,1.375928374461511e-09,6.886879603447697e-09,-8.765175192725655,5.971529145162958e-07,5.571540952925133e-09,3.5467429957755638e-06,6.491730773741681e-08
BenGraham_Canny,553,0.7050572474852825,0.032120238198255706,0.7616557734204793,0.10036615595678033,0.45,0.1854884511086699,0.7086799276672695,0.054706069226541594,0.8095137985521965,0.050391853756120014,0.8745505082517978,0.026327957223204173,0.02274357916407607,0.0030022357474131125,0.01218236863511884,0.0015821339049154595,0.026582278481012613,0.006980202193713854,0.019908329891951685,2,BenGraham,nenhum,nenhum,Canny,-0.20719186019561486,1.3651817268305095e-09,6.851160695351662e-09,-8.77006085250473,5.938540511712717e-07,5.5672304462946305e-09,3.5351989188014576e-06,6.491730773741681e-08
BenGraham_CLAHE4.0_Canny,554,0.7024359152644509,0.03896035887255841,0.5714596949891068,0.20310716448783855,0.6829787234042554,0.2521872529346582,0.5904159132007234,0.12856805153016376,0.6783521903897615,0.14743522074893997,0.9141107495445995,0.04967133130298017,0.029967466020494948,0.0036535032279793865,0.01605047956557536,0.0020574812616410893,0.03435804701627482,0.005905942719187902,0.024147880608987534,3,BenGraham,nenhum,CLAHE4.0,Canny,-0.20981319241644647,1.3357125790567413e-08,2.7073649228775468e-08,-7.412292318370926,5.075707800415617e-06,3.904827465643177e-08,1.3022425279041e-05,1.6386682427943044e-07
Gamma0.8_Grayscale_Frangi,555,0.7008274231678487,0.036905403983510505,0.6830065359477124,0.2042728138357992,0.5617021276595745,0.24143702372821593,0.6623869801084992,0.13152620292960335,0.7523757710368602,0.14522328965646197,0.8952744106425442,0.04367688373375532,0.01721348649046252,0.0017454919791022297,0.00904817302871416,0.0009318213266108142,0.02097649186256777,0.006935816691328529,0.022874206373082698,3,Gamma0.8,Grayscale,nenhum,Frangi,-0.21142168451304866,6.522799013534107e-09,5.534954926450903e-08,-7.8613037666448555,2.5618718513616903e-06,2.0383746917294086e-08,2.5294744013880624e-05,2.6530755110043174e-07
Gamma0.8_Frangi,556,0.7008227877439392,0.036904169327801634,0.6830065359477124,0.2042728138357992,0.5617021276595745,0.24143702372821593,0.6623869801084992,0.13152620292960335,0.7523757710368602,0.14522328965646197,0.8952744106425442,0.04367688373375532,0.01721440177362389,0.0017410097936487808,0.00904854674048056,0.0009294171394090696,0.02097649186256777,0.006935816691328529,0.02287344112554613,2,Gamma0.8,nenhum,nenhum,Frangi,-0.21142631993695815,6.518757891505573e-09,5.5368532403568365e-08,-7.861723761579994,2.5618718513616903e-06,2.0383746917294086e-08,2.5294744013880624e-05,2.6530755110043174e-07
Gamma0.8_Grayscale_CLAHE4.0_Frangi,557,0.7004867195104992,0.01976827539614741,0.5061002178649237,0.13335140840994744,0.7872340425531915,0.13761424051015783,0.5538878842676311,0.08968987175629911,0.6428404712361179,0.11353055769356028,0.9286657860489974,0.03266539325308326,0.018713123586552,0.0034404888981765577,0.00982774825602455,0.0018296517648048322,0.02983725135623867,0.006102609020891079,0.01225250403039746,4,Gamma0.8,Grayscale,CLAHE4.0,Frangi,-0.21176238817039816,2.579932785707585e-13,6.172014525702739e-10,-13.735936928597756,1.4086433009963413e-10,4.944871172606204e-12,3.4378120908164256e-07,1.867846501199513e-08
Gamma0.8_Grayscale_AHE40.0_Frangi,558,0.6999188800815835,0.02467129361440097,0.6978213507625272,0.1426310110522024,0.5574468085106383,0.15923525806521632,0.6739602169981918,0.09335800000083658,0.7727103459827983,0.08882182788487876,0.8880549894984926,0.018484140913379563,0.02611018779009826,0.002572839052232737,0.013852916476239898,0.001393652829029797,0.02784810126582272,0.003924971813405591,0.015291426206277896,4,Gamma0.8,Grayscale,AHE40.0,Frangi,-0.21233022759931386,1.892338181559194e-11,7.766738474198593e-09,-11.404768377448946,9.575231198689522e-09,1.5544206491379093e-10,3.976570098789679e-06,6.977929097912799e-08
Grayscale_CLAHE4.0_Frangi,559,0.6986209613869188,0.023943194865185348,0.5339869281045752,0.18145080576274542,0.7170212765957447,0.20048480048018677,0.5650994575045207,0.11840841358306359,0.6545757094762084,0.13340595266071867,0.9113548604620222,0.029359862283775462,0.01879066485169181,0.00243494729288477,0.00989950050229634,0.0012975127523644076,0.029113924050632865,0.007305745039723054,0.014840145926105839,3,nenhum,Grayscale,CLAHE4.0,Frangi,-0.21362814629397864,1.0412417973393186e-11,4.063009383131848e-09,-11.779140205922397,5.320745584403918e-09,9.210985130309357e-11,2.1412059449104837e-06,4.714175357251314e-08
LABNorm_Grayscale_CLAHE4.0_Frangi,560,0.6944119964770779,0.023230888484535882,0.537037037037037,0.11434276838124297,0.7361702127659575,0.12625308732961166,0.5708860759493671,0.0749818779917001,0.6686118751891665,0.08303499559799388,0.9126444732484431,0.02221981490489235,0.01837811808844159,0.002211734721145882,0.009717625801531331,0.0011921507825316425,0.02188065099457501,0.003854919097123449,0.014398653857380091,4,LABNorm,Grayscale,CLAHE4.0,Frangi,-0.21783711120381954,4.791348424097825e-12,2.2067450126129233e-09,-12.330258426665083,2.462753089986282e-09,4.4435892642842726e-11,1.18502207177314e-06,3.18529142428321e-08
BenGraham_CLAHE4.0_Frangi,561,0.6894891762851713,0.021684185306511308,0.5618736383442265,0.18706649716591073,0.7021276595744681,0.25423330963028257,0.5857142857142856,0.1134733118881548,0.6763833288775448,0.12386102617454149,0.9158913235587776,0.04129479399580183,0.02160523080233669,0.0024989331154724663,0.01141635768984888,0.001369096480298823,0.028209764918625625,0.005057547188282827,0.013439997295651495,3,BenGraham,nenhum,CLAHE4.0,Frangi,-0.22275993139572614,9.687935552954111e-13,1.3503966557898953e-10,-13.375097288369375,5.144293778618633e-10,1.237902876210803e-11,7.589229205539212e-08,5.54627197913707e-09
BenGraham_MaxGreen2.0_CLAHE4.0_Frangi,562,0.6863417234506095,0.05009709170948009,0.48213507625272334,0.1587611063650927,0.7872340425531915,0.21323824650174336,0.533996383363472,0.10207365289324133,0.6170549718255093,0.1336797852809119,0.9319747888831198,0.04739904228863142,0.0216667065288964,0.003554106027000611,0.0114792553724355,0.0019009095754794387,0.028209764918625653,0.008273591289583356,0.031050499134649898,4,BenGraham,MaxGreen2.0,CLAHE4.0,Frangi,-0.2259073842302879,1.0242161290839238e-07,1.390457867897769e-07,-6.272445521970164,3.4618505163036625e-05,2.4744717404338495e-07,5.895541359886541e-05,5.259955750271167e-07
BenGraham_MaxGreen2.0_CLAHE4.0_Canny,563,0.682204607611366,0.03538564562623873,0.41873638344226577,0.13011560913625808,0.8436170212765959,0.14237930893319137,0.4909584086799277,0.08564995733682007,0.5664648879472033,0.11097650253778327,0.94054814334021,0.04229777254632784,0.02956708841563092,0.0030603987189192967,0.015956566012300288,0.0016572256016883242,0.030922242314647342,0.008501019366034835,0.02193225038427997,4,BenGraham,MaxGreen2.0,CLAHE4.0,Canny,-0.23004450006953137,1.6799874912834442e-09,1.4679423481735807e-08,-8.898336285551217,7.173546587780306e-07,6.483173204617318e-09,7.310352893904432e-06,1.0821369874356525e-07
BenGraham_Grayscale_AHE40.0_Canny,564,0.6772076206369072,0.055134097153643494,0.5941176470588235,0.16620696582478867,0.625531914893617,0.2737992841216241,0.5994575045207957,0.0947954784445005,0.6982088302338237,0.1111565791290077,0.9017570918436009,0.05976138500690533,0.03238731979211344,0.0033551327490922555,0.01741114082322104,0.0018453894722314141,0.041952983725135576,0.009093681574754004,0.03417246745353389,4,BenGraham,Grayscale,AHE40.0,Canny,-0.2350414870439902,1.8677335274284758e-07,6.410224107806197e-07,-5.946767839124036,6.014101958319692e-05,4.228136922328243e-07,0.0002448705609181967,1.8999375577260637e-06
LABNorm_MaxGreen2.0_CLAHE4.0_Frangi,565,0.6732072498029945,0.03836928067844078,0.5193899782135076,0.17185785199359685,0.723404255319149,0.19344938577284906,0.5540687160940325,0.11046770765658005,0.6434333918240778,0.13108021590751676,0.9130960032133542,0.03693019759925547,0.02035702542692294,0.002711629439675193,0.010745848497695599,0.0014395017181555066,0.0242314647377938,0.005667346244023207,0.02378152654872805,4,LABNorm,MaxGreen2.0,CLAHE4.0,Frangi,-0.23904185787790289,3.131557353527227e-09,1.9576668912244258e-08,-8.567961712139454,1.296464744360272e-06,1.1115095544926887e-08,9.631721104824175e-06,1.3400695981595772e-07
MaxGreen2.0_CLAHE4.0_Frangi,566,0.6680990126547073,0.02801535660867613,0.5934640522875816,0.19218326381082917,0.624468085106383,0.22871928084688256,0.5987341772151898,0.12150155471656475,0.6928979201539263,0.13907864126781352,0.8978132088437324,0.0422858044018157,0.0212162887106596,0.0033426841905482615,0.011241274802187751,0.0018018818510782692,0.026401446654611183,0.008185290028580072,0.01736409792367235,3,nenhum,MaxGreen2.0,CLAHE4.0,Frangi,-0.24415009502619012,3.342394799087269e-11,9.55653481592483e-11,-11.70998593523231,1.6778821891418093e-08,2.597131093885378e-10,5.4089987058134534e-08,4.758353511713314e-09
BenGraham_AHE40.0_Canny,567,0.6651810133036666,0.055691545641701874,0.5938997821350762,0.1986150773552709,0.6074468085106383,0.2976379523625729,0.5962025316455696,0.1164804347133784,0.6908074557273554,0.13650035119470696,0.8991078541379063,0.05655835052774976,0.034640063245212585,0.002508139695278978,0.01867487792547036,0.001414961085684509,0.05189873417721515,0.009608507788311271,0.03451797760602829,3,BenGraham,nenhum,AHE40.0,Canny,-0.24706809437723076,1.3121499425096782e-07,4.5087954824227405e-07,-6.19015067027724,4.343216309707035e-05,3.0795355793594487e-07,0.00017854830110394053,1.4403096679961531e-06
BenGraham_MaxGreen2.0_AHE40.0_Canny,568,0.6625851759143374,0.06232649984091147,0.49847494553376903,0.13624563127263598,0.723404255319149,0.14517368432949446,0.5367088607594936,0.09503874268544626,0.630183466463377,0.11968931683548086,0.903792314609072,0.041442738077120615,0.03469909407186998,0.003268632082590416,0.01873745901622444,0.001837238870179211,0.036528028933092184,0.009013418031353231,0.03863036482434687,4,BenGraham,MaxGreen2.0,AHE40.0,Canny,-0.24966393176656,3.5617420055013285e-07,8.899617993083858e-07,-5.6043049949052985,0.00010863313116779051,7.557201672189165e-07,0.0003310657893427195,2.5032785822437624e-06
Grayscale_Frangi,569,0.64424743892829,0.03687686663764418,0.6675381263616558,0.1325666239745229,0.49468085106382975,0.2001112562137309,0.6381555153707053,0.07939434786866235,0.7468936657092803,0.08202954425526221,0.8703067141893355,0.027437639498151884,0.01937258111382279,0.0028093544297344763,0.01017633400043049,0.001514723358091079,0.02097649186256777,0.008273591289583332,0.022856518742865237,2,nenhum,Grayscale,nenhum,Frangi,-0.26800166875260745,6.207143989897975e-10,8.566065764832188e-09,-9.972380605302405,2.8428719473732725e-07,3.019445621123609e-09,4.368693540064416e-06,7.373268578657686e-08
Frangi,570,0.6442358503685162,0.03689761326737904,0.6675381263616558,0.1325666239745229,0.49468085106382975,0.2001112562137309,0.6381555153707053,0.07939434786866235,0.7468936657092803,0.08202954425526221,0.8703067141893355,0.027437639498151884,0.01937437371365616,0.002810341670799741,0.0101773434013604,0.001515156758480932,0.02097649186256777,0.008273591289583332,0.022869377637197163,1,nenhum,nenhum,nenhum,Frangi,-0.26801325731238124,6.248939633281904e-10,8.591460778609824e-09,-9.96753236255046,2.8557654124098304e-07,3.019445621123609e-09,4.373053536312401e-06,7.373268578657686e-08
BenGraham_MaxGreen2.0_Frangi,571,0.6425392852176331,0.04291252846722517,0.5387799564270153,0.1954589585073359,0.6148936170212765,0.2695875195789687,0.5517179023508137,0.11832307882067634,0.6455884370807183,0.14990236949449942,0.8914451088337498,0.05822909669571618,0.02052245596887767,0.003119525637559109,0.010791113929475429,0.001675830336391977,0.026582278481012613,0.005909017930392992,0.026597460702196166,3,BenGraham,MaxGreen2.0,nenhum,Frangi,-0.26970982246326425,3.6255675816413223e-09,1.0758400594411027e-08,-8.691169866060667,1.4901082760545835e-06,1.2634553693598547e-08,5.422233899583157e-06,8.591778252481028e-08
Gamma0.8_MaxGreen2.0_Frangi,572,0.6376535484170027,0.042482050472664366,0.7335511982570806,0.18176617969325717,0.4,0.2609312292213769,0.6768535262206148,0.10749332912096558,0.777897006963404,0.11027117565603309,0.8642579969150216,0.032298493824530705,0.01837299212080715,0.003342001432051247,0.00969756624722436,0.0017653508968655984,0.01934900542495475,0.004180480020349521,0.026330647676899,3,Gamma0.8,MaxGreen2.0,nenhum,Frangi,-0.2745955592638947,2.71634252454088e-09,1.3892788887816344e-08,-8.934279013991425,1.132714832733547e-06,9.823251267993749e-09,6.932501655020356e-06,1.0374485208434284e-07
LABNorm_Grayscale_Frangi,573,0.6198581560283688,0.04869567446934089,0.6163398692810457,0.18422852272907383,0.5159574468085106,0.2636662537480383,0.5992766726943942,0.11111703331368346,0.7027514045571472,0.13012207709114149,0.873505188328189,0.04719966697033071,0.01967909770325574,0.0036596447053267272,0.01041279071257919,0.0019474925361451629,0.029475587703435762,0.00804425026905521,0.030181891730160764,3,LABNorm,Grayscale,nenhum,Frangi,-0.2923909516525286,6.884178720822995e-09,3.7196122213919134e-08,-8.344103023119256,2.677945522400145e-06,2.115752347970072e-08,1.7444981318328075e-05,1.9943828709530502e-07
LABNorm_Frangi,574,0.6198141195012284,0.048652909283475716,0.6163398692810457,0.1842285227290738,0.5159574468085106,0.26366625374803826,0.5992766726943942,0.11111703331368344,0.7027514045571472,0.13012207709114146,0.873505188328189,0.04719966697033071,0.019681421264824462,0.003660436607265263,0.01041395343319157,0.0019479042639844154,0.02947558770343576,0.00804425026905521,0.030155385593349463,2,LABNorm,nenhum,nenhum,Frangi,-0.29243498817966895,6.809321554647489e-09,3.691744882233927e-08,-8.352442256334761,2.6624447278671685e-06,2.115752347970072e-08,1.7351200946499458e-05,1.9943828709530502e-07
MaxGreen2.0_Frangi,575,0.5673086728781347,0.048952118157395245,0.6882352941176471,0.17248962224271244,0.36914893617021277,0.23501035660772848,0.633996383363472,0.10590701861448448,0.7456435257471694,0.10972349819145877,0.8466631945643208,0.025537727101429413,0.02077460734759237,0.0029295465666737157,0.01096403570485004,0.0016064973149970668,0.02296564195298369,0.010784411504905547,0.030340837174742556,2,nenhum,MaxGreen2.0,nenhum,Frangi,-0.3449404348027627,1.5334269012863788e-09,4.457380363380249e-09,-9.793927423044039,6.624404213557156e-07,6.123058807219915e-09,2.3401246907746305e-06,4.854714686948929e-08
LABNorm_MaxGreen2.0_Frangi,576,0.5518240393083949,0.06968673441527196,0.6993464052287581,0.11411538344467895,0.3414893617021276,0.1432948843191502,0.6385171790235081,0.0781350213853521,0.7581563695723539,0.06793981377377725,0.8387724557578575,0.021217649793999743,0.02210696114854429,0.002700466461777669,0.01170046411080643,0.0014314054746728568,0.02350813743218802,0.004896949008219378,0.04319228547649429,3,LABNorm,MaxGreen2.0,nenhum,Frangi,-0.36042506837250254,3.85482416574005e-08,6.93132598812645e-08,-7.251555790408738,1.399301172163638e-05,1.04062154708945e-07,3.1329593466331556e-05,3.2141229380425077e-07
